Accident_ID,Month_Year,Time,Location ,Accident_Severity,Vehicle_Type,Weather_Condition,Road_Type,Number_of_Casualties,Number_of_Fatalities,Light_Condition,Speed_Limit (km/h)
ACC0001,May-21,01:46,Anantnag Jammu and Kashmir,Serious,Cycle,Hazy,National Highway,0,4,Dark,61
ACC0002,Jan-18,21:30,Lucknow Uttar Pradesh,Minor,Truck,Hazy,Urban Road,5,4,Dusk,92
ACC0003,May-23,05:37,Bhilai Chhattisgarh,Minor,Pedestrian,Foggy,National Highway,6,5,Dawn,120
ACC0004,Jun-20,00:31,Lucknow Uttar Pradesh,Minor,Bus,Rainy,State Highway,10,5,Dark,76
ACC0005,Aug-21,11:21,Gyalshing Sikkim,Minor,Cycle,Foggy,Urban Road,7,1,Dusk,115
ACC0006,Nov-20,08:04,Shillong Meghalaya,Serious,Truck,Stormy,Village Road,6,2,Daylight,48
ACC0007,Oct-21,18:55,Gangtok Sikkim,Fatal,Two-Wheeler,Foggy,Urban Road,9,5,Dusk,111
ACC0008,Dec-22,11:40,Mandi Himachal Pradesh,Minor,Truck,Clear,State Highway,1,5,Dark,62
ACC0009,Jul-21,08:26,Jodhpur Rajasthan,Fatal,Truck,Clear,Urban Road,7,1,Dawn,35
ACC0010,Aug-18,02:01,Jodhpur Rajasthan,Fatal,Car,Foggy,State Highway,3,2,Dark,110
ACC0011,Apr-20,22:25,Dharamshala Himachal Pradesh,Minor,Pedestrian,Hazy,National Highway,1,3,Dusk,35
ACC0012,Aug-18,16:49,Kanpur Uttar Pradesh,Fatal,Bus,Clear,National Highway,1,4,Dusk,46
ACC0013,Sep-21,23:22,Dibrugarh Assam,Serious,Cycle,Hazy,Village Road,2,3,Daylight,46
ACC0014,Jun-20,06:47,Gaya Bihar,Serious,Car,Foggy,State Highway,0,0,Dusk,98
ACC0015,Aug-21,18:57,Hyderabad Telangana,Serious,Bus,Foggy,National Highway,6,3,Dawn,47
ACC0016,Aug-18,12:06,Naharlagun Arunachal Pradesh,Minor,Cycle,Stormy,State Highway,4,5,Dusk,60
ACC0017,Oct-19,12:47,Tirupati Andhra Pradesh,Minor,Cycle,Rainy,Village Road,7,4,Dark,90
ACC0018,Oct-23,18:59,Bangalore Karnataka,Fatal,Car,Hazy,Village Road,10,2,Dark,114
ACC0019,Nov-23,10:51,Namchi Sikkim,Serious,Auto-Rickshaw,Rainy,National Highway,7,1,Dawn,80
ACC0020,Apr-22,06:39,Korba Chhattisgarh,Fatal,Car,Foggy,State Highway,7,5,Daylight,46
ACC0021,Jun-18,08:10,Bhopal Madhya Pradesh,Serious,Two-Wheeler,Rainy,Urban Road,6,3,Dusk,30
ACC0022,Feb-22,01:35,Puducherry Puducherry,Serious,Car,Hazy,Urban Road,10,3,Dusk,55
ACC0023,Jul-22,18:51,Varanasi Uttar Pradesh,Fatal,Two-Wheeler,Clear,National Highway,9,4,Dawn,34
ACC0024,Dec-22,13:34,Nagpur Maharashtra,Serious,Cycle,Foggy,National Highway,1,3,Daylight,106
ACC0025,Feb-22,03:29,Baramulla Jammu and Kashmir,Serious,Two-Wheeler,Foggy,Urban Road,1,1,Dawn,31
ACC0026,Aug-18,11:10,Madurai Tamil Nadu,Fatal,Auto-Rickshaw,Stormy,National Highway,2,2,Daylight,92
ACC0027,Apr-19,15:58,Indore Madhya Pradesh,Minor,Pedestrian,Clear,State Highway,7,5,Daylight,71
ACC0028,Aug-23,00:54,Jabalpur Madhya Pradesh,Fatal,Car,Stormy,National Highway,10,1,Dusk,90
ACC0029,Mar-19,15:42,Chandigarh Chandigarh,Serious,Bus,Stormy,Village Road,8,0,Daylight,83
ACC0030,May-18,10:53,Varanasi Uttar Pradesh,Minor,Two-Wheeler,Hazy,National Highway,2,1,Dusk,33
ACC0031,Mar-19,15:01,Surat Gujarat,Fatal,Car,Stormy,State Highway,7,0,Dawn,69
ACC0032,Nov-22,09:25,Lucknow Uttar Pradesh,Fatal,Bus,Clear,National Highway,0,3,Dark,53
ACC0033,Jul-20,23:21,Mumbai Maharashtra,Serious,Bus,Hazy,Urban Road,6,2,Dawn,82
ACC0034,Jul-18,12:01,Rourkela Odisha,Minor,Auto-Rickshaw,Stormy,State Highway,7,2,Dark,79
ACC0035,Aug-23,17:37,Warangal Telangana,Minor,Pedestrian,Stormy,National Highway,8,3,Dawn,30
ACC0036,Feb-23,11:02,Durgapur West Bengal,Serious,Cycle,Hazy,Village Road,9,5,Dark,106
ACC0037,Jan-19,16:03,Kozhikode Kerala,Fatal,Car,Foggy,State Highway,3,1,Dawn,102
ACC0038,Jul-20,19:18,Dibrugarh Assam,Minor,Car,Foggy,National Highway,1,5,Dawn,48
ACC0039,Jun-18,17:43,Kohima Nagaland,Minor,Truck,Foggy,Urban Road,5,3,Dusk,32
ACC0040,Feb-22,06:20,Jowai Meghalaya,Serious,Truck,Hazy,Urban Road,4,1,Dusk,59
ACC0041,Feb-22,17:08,Raipur Chhattisgarh,Fatal,Truck,Rainy,National Highway,5,5,Daylight,88
ACC0042,Jul-22,20:19,Surat Gujarat,Serious,Auto-Rickshaw,Foggy,Village Road,2,2,Dusk,83
ACC0043,Apr-20,07:58,Kolkata West Bengal,Minor,Auto-Rickshaw,Clear,State Highway,2,5,Dawn,58
ACC0044,Dec-18,07:46,Kolkata West Bengal,Serious,Cycle,Rainy,Village Road,2,5,Dark,30
ACC0045,Feb-22,10:52,Udaipur Tripura,Serious,Truck,Foggy,National Highway,8,1,Dawn,104
ACC0046,Feb-21,22:36,Bangalore Karnataka,Minor,Truck,Rainy,Urban Road,1,5,Dark,93
ACC0047,Nov-21,09:04,Durgapur West Bengal,Minor,Auto-Rickshaw,Foggy,State Highway,4,4,Dark,82
ACC0048,Jan-20,19:34,Bilaspur Chhattisgarh,Fatal,Cycle,Rainy,Village Road,0,2,Daylight,82
ACC0049,Oct-19,05:00,Dharamshala Himachal Pradesh,Serious,Car,Stormy,Village Road,2,5,Daylight,108
ACC0050,May-23,04:33,Ahmedabad Gujarat,Minor,Auto-Rickshaw,Hazy,National Highway,9,4,Dusk,41
ACC0051,Dec-19,00:26,Ahmedabad Gujarat,Fatal,Two-Wheeler,Rainy,State Highway,3,5,Dusk,61
ACC0052,May-18,18:57,Kanpur Uttar Pradesh,Minor,Two-Wheeler,Rainy,National Highway,6,2,Dusk,109
ACC0053,Aug-22,22:43,Rourkela Odisha,Fatal,Two-Wheeler,Foggy,National Highway,1,3,Daylight,30
ACC0054,May-22,09:10,Haldwani Uttarakhand,Minor,Auto-Rickshaw,Hazy,State Highway,1,4,Dawn,114
ACC0055,Apr-21,05:38,Durg Chhattisgarh,Serious,Pedestrian,Foggy,State Highway,6,4,Dusk,37
ACC0056,Oct-20,20:21,Mangalore Karnataka,Serious,Bus,Hazy,State Highway,1,5,Dark,50
ACC0057,Feb-22,00:35,Haldwani Uttarakhand,Serious,Car,Stormy,National Highway,8,1,Dark,89
ACC0058,Feb-23,22:31,Itanagar Arunachal Pradesh,Fatal,Two-Wheeler,Rainy,State Highway,9,2,Daylight,117
ACC0059,Nov-22,00:24,Siliguri West Bengal,Fatal,Cycle,Rainy,State Highway,7,4,Dawn,45
ACC0060,Apr-18,07:09,Durg Chhattisgarh,Serious,Two-Wheeler,Foggy,State Highway,8,3,Dawn,70
ACC0061,Aug-21,08:33,Faridabad Haryana,Fatal,Two-Wheeler,Hazy,State Highway,6,4,Dark,60
ACC0062,Jan-22,07:51,Vijayawada Andhra Pradesh,Minor,Pedestrian,Clear,National Highway,0,0,Dawn,95
ACC0063,Jun-23,06:10,Jorhat Assam,Fatal,Bus,Clear,Urban Road,6,0,Dusk,31
ACC0064,Oct-18,10:06,Dharamshala Himachal Pradesh,Minor,Cycle,Foggy,Village Road,6,3,Dawn,85
ACC0065,Jun-19,21:56,Puri Odisha,Fatal,Two-Wheeler,Hazy,Village Road,2,3,Daylight,110
ACC0066,Aug-19,10:54,Nizamabad Telangana,Serious,Bus,Foggy,National Highway,3,2,Dawn,90
ACC0067,Feb-21,20:23,Roorkee Uttarakhand,Serious,Auto-Rickshaw,Foggy,Urban Road,5,0,Dark,61
ACC0068,Feb-18,15:01,Panaji Goa,Fatal,Auto-Rickshaw,Clear,Village Road,0,4,Dawn,35
ACC0069,Aug-23,17:55,Chandigarh Chandigarh,Fatal,Auto-Rickshaw,Rainy,Village Road,2,5,Dusk,85
ACC0070,Apr-23,05:27,Dibrugarh Assam,Fatal,Pedestrian,Stormy,State Highway,0,0,Daylight,99
ACC0071,May-18,00:29,Cuttack Odisha,Serious,Pedestrian,Hazy,Urban Road,0,3,Dusk,30
ACC0072,Jun-18,16:53,Champhai Mizoram,Serious,Truck,Hazy,Village Road,0,2,Dark,97
ACC0073,Mar-23,13:40,Vadodara Gujarat,Fatal,Truck,Foggy,Urban Road,2,3,Dawn,105
ACC0074,Apr-18,02:42,Shillong Meghalaya,Serious,Auto-Rickshaw,Hazy,State Highway,6,2,Dawn,94
ACC0075,Oct-19,05:10,Mysore Karnataka,Minor,Bus,Stormy,Village Road,10,2,Dark,44
ACC0076,Apr-20,16:57,Roorkee Uttarakhand,Minor,Bus,Clear,State Highway,6,2,Dark,66
ACC0077,Jan-18,04:43,Dwarka Delhi,Serious,Two-Wheeler,Rainy,State Highway,1,4,Dusk,77
ACC0078,Apr-22,00:43,Ranchi Jharkhand,Fatal,Cycle,Clear,State Highway,10,3,Dark,38
ACC0079,Apr-20,19:42,Dibrugarh Assam,Minor,Car,Clear,Village Road,3,2,Dark,43
ACC0080,Feb-23,09:18,Anantnag Jammu and Kashmir,Fatal,Cycle,Clear,National Highway,3,1,Dusk,41
ACC0081,Apr-18,15:40,Patiala Punjab,Serious,Car,Stormy,National Highway,1,3,Dark,30
ACC0082,Dec-23,17:12,Srinagar Jammu and Kashmir,Fatal,Cycle,Rainy,Urban Road,10,3,Dark,68
ACC0083,Aug-18,09:03,Vadodara Gujarat,Minor,Pedestrian,Foggy,National Highway,10,0,Dawn,74
ACC0084,Jun-19,16:44,Nagpur Maharashtra,Minor,Car,Hazy,State Highway,5,5,Dawn,101
ACC0085,May-20,08:53,Thoubal Manipur,Minor,Two-Wheeler,Hazy,Urban Road,10,1,Daylight,33
ACC0086,May-23,12:02,Nagpur Maharashtra,Fatal,Two-Wheeler,Hazy,Urban Road,7,1,Dusk,57
ACC0087,Oct-20,17:06,Chandigarh Chandigarh,Minor,Car,Rainy,Village Road,1,1,Dusk,43
ACC0088,Jul-22,02:57,Gwalior Madhya Pradesh,Minor,Car,Hazy,Urban Road,8,2,Dawn,81
ACC0089,Mar-23,03:27,Gaya Bihar,Fatal,Bus,Hazy,Village Road,1,1,Dusk,67
ACC0090,Feb-22,02:35,Udaipur Tripura,Fatal,Cycle,Foggy,State Highway,6,0,Dusk,98
ACC0091,Oct-18,11:17,Jabalpur Madhya Pradesh,Serious,Bus,Clear,Village Road,4,3,Daylight,73
ACC0092,Nov-21,23:18,Ranchi Jharkhand,Minor,Bus,Stormy,Village Road,3,0,Dusk,95
ACC0093,May-22,12:31,Guwahati Assam,Minor,Bus,Stormy,Urban Road,4,4,Dark,82
ACC0094,Aug-18,14:45,Amritsar Punjab,Serious,Cycle,Rainy,Village Road,3,1,Daylight,74
ACC0095,Jul-18,09:17,Dimapur Nagaland,Fatal,Auto-Rickshaw,Stormy,Urban Road,7,3,Dawn,47
ACC0096,Apr-20,01:29,Lucknow Uttar Pradesh,Minor,Car,Clear,National Highway,5,3,Daylight,36
ACC0097,Aug-22,12:26,Ahmedabad Gujarat,Serious,Two-Wheeler,Rainy,State Highway,3,3,Daylight,59
ACC0098,Aug-20,16:40,Udaipur Tripura,Serious,Cycle,Rainy,National Highway,10,5,Dusk,37
ACC0099,Feb-20,12:07,Guwahati Assam,Minor,Car,Stormy,Village Road,1,2,Dusk,73
ACC0100,Dec-20,12:46,Mysore Karnataka,Fatal,Car,Foggy,Urban Road,9,0,Dusk,60
ACC0101,Sep-23,13:12,Karimnagar Telangana,Minor,Car,Stormy,State Highway,6,3,Dawn,84
ACC0102,Dec-20,10:51,Dharmanagar Tripura,Fatal,Auto-Rickshaw,Clear,State Highway,4,4,Daylight,100
ACC0103,Aug-19,06:11,Tirupati Andhra Pradesh,Serious,Cycle,Rainy,State Highway,5,3,Dusk,98
ACC0104,Apr-22,05:20,Thrissur Kerala,Minor,Two-Wheeler,Clear,Urban Road,10,3,Dusk,86
ACC0105,Mar-19,07:50,Anantnag Jammu and Kashmir,Serious,Car,Hazy,National Highway,0,0,Daylight,50
ACC0106,Jun-20,15:50,Margao Goa,Fatal,Auto-Rickshaw,Stormy,Village Road,8,5,Dark,49
ACC0107,Aug-23,10:13,Vadodara Gujarat,Serious,Pedestrian,Stormy,Village Road,5,4,Daylight,102
ACC0108,May-21,05:29,Haridwar Uttarakhand,Fatal,Bus,Stormy,Village Road,2,2,Daylight,86
ACC0109,Sep-19,20:43,Tura Meghalaya,Fatal,Bus,Hazy,National Highway,2,4,Dusk,103
ACC0110,Aug-22,11:22,Bishnupur Manipur,Minor,Car,Foggy,Village Road,8,4,Dark,41
ACC0111,Oct-20,18:43,Bhilai Chhattisgarh,Fatal,Auto-Rickshaw,Clear,State Highway,3,5,Dusk,111
ACC0112,Dec-22,22:37,Mysore Karnataka,Serious,Auto-Rickshaw,Stormy,Urban Road,9,4,Dusk,92
ACC0113,Jun-21,03:40,Bishnupur Manipur,Fatal,Pedestrian,Foggy,Urban Road,4,5,Dark,32
ACC0114,Oct-19,08:16,Dhanbad Jharkhand,Minor,Auto-Rickshaw,Hazy,National Highway,10,5,Dusk,50
ACC0115,May-21,03:50,Aizawl Mizoram,Serious,Truck,Rainy,State Highway,9,5,Dusk,83
ACC0116,Oct-18,18:24,Chandigarh Chandigarh,Fatal,Two-Wheeler,Stormy,State Highway,5,0,Dusk,120
ACC0117,May-23,02:20,Patiala Punjab,Minor,Truck,Clear,National Highway,0,0,Dusk,66
ACC0118,Feb-23,13:20,Dharmanagar Tripura,Serious,Auto-Rickshaw,Clear,Village Road,0,1,Dawn,69
ACC0119,Jun-20,03:19,Warangal Telangana,Minor,Two-Wheeler,Stormy,Urban Road,10,1,Dusk,73
ACC0120,Jun-22,17:25,Mangalore Karnataka,Fatal,Bus,Rainy,National Highway,8,4,Daylight,86
ACC0121,Jul-23,21:40,Bhopal Madhya Pradesh,Fatal,Cycle,Rainy,State Highway,3,1,Dusk,81
ACC0122,May-20,17:09,Chandigarh Chandigarh,Minor,Bus,Rainy,National Highway,10,0,Dark,61
ACC0123,May-19,22:03,Chennai Tamil Nadu,Minor,Bus,Hazy,National Highway,10,4,Daylight,35
ACC0124,Apr-19,16:44,Rohini Delhi,Fatal,Bus,Stormy,State Highway,7,3,Daylight,77
ACC0125,Oct-18,10:18,Durg Chhattisgarh,Fatal,Bus,Clear,Urban Road,1,2,Daylight,119
ACC0126,Feb-22,04:31,Puducherry Puducherry,Serious,Cycle,Hazy,Urban Road,10,5,Dark,30
ACC0127,Jun-18,20:12,Kolkata West Bengal,Serious,Bus,Rainy,State Highway,0,3,Dawn,88
ACC0128,Nov-23,21:27,Chennai Tamil Nadu,Serious,Two-Wheeler,Rainy,Urban Road,10,1,Dawn,80
ACC0129,May-19,22:18,Ludhiana Punjab,Minor,Pedestrian,Stormy,Village Road,4,4,Dawn,49
ACC0130,May-20,06:49,Bangalore Karnataka,Serious,Cycle,Rainy,Urban Road,8,2,Daylight,96
ACC0131,Nov-20,20:49,Kohima Nagaland,Serious,Cycle,Foggy,National Highway,0,4,Daylight,79
ACC0132,Jul-19,20:04,Nagpur Maharashtra,Fatal,Pedestrian,Clear,National Highway,2,2,Dark,35
ACC0133,Oct-22,04:47,Tura Meghalaya,Fatal,Bus,Clear,Urban Road,10,2,Dawn,95
ACC0134,Jun-23,23:33,Mangalore Karnataka,Serious,Two-Wheeler,Rainy,National Highway,5,3,Dark,31
ACC0135,Aug-23,06:01,Faridabad Haryana,Minor,Cycle,Foggy,Urban Road,9,0,Dusk,70
ACC0136,Jan-18,22:19,Madurai Tamil Nadu,Minor,Truck,Hazy,State Highway,9,1,Daylight,55
ACC0137,Sep-22,22:07,Gangtok Sikkim,Serious,Car,Foggy,State Highway,0,5,Dark,107
ACC0138,Jun-21,06:44,Gaya Bihar,Fatal,Car,Stormy,State Highway,10,4,Dark,44
ACC0139,Sep-19,08:19,Puri Odisha,Serious,Two-Wheeler,Stormy,Village Road,4,4,Dark,68
ACC0140,Jul-19,20:20,Nizamabad Telangana,Serious,Car,Hazy,Urban Road,1,5,Dawn,53
ACC0141,Dec-21,07:47,Visakhapatnam Andhra Pradesh,Minor,Bus,Clear,State Highway,5,4,Dawn,119
ACC0142,May-19,00:21,Bilaspur Chhattisgarh,Minor,Auto-Rickshaw,Foggy,Village Road,0,2,Dusk,56
ACC0143,Nov-19,10:31,Bhopal Madhya Pradesh,Serious,Car,Stormy,State Highway,1,0,Daylight,117
ACC0144,Aug-21,23:25,Guwahati Assam,Fatal,Pedestrian,Rainy,State Highway,5,5,Daylight,52
ACC0145,Mar-18,08:16,Mokokchung Nagaland,Minor,Pedestrian,Foggy,National Highway,0,1,Dark,53
ACC0146,May-20,02:21,Bangalore Karnataka,Fatal,Two-Wheeler,Rainy,Village Road,6,1,Daylight,54
ACC0147,Sep-21,23:48,Chandigarh Chandigarh,Minor,Truck,Clear,Urban Road,0,3,Daylight,119
ACC0148,Jun-18,04:11,Itanagar Arunachal Pradesh,Fatal,Cycle,Hazy,National Highway,4,1,Daylight,101
ACC0149,Jul-18,12:56,Karaikal Puducherry,Minor,Truck,Clear,National Highway,0,0,Dark,86
ACC0150,Jun-21,06:52,Ahmedabad Gujarat,Fatal,Car,Stormy,National Highway,5,1,Dark,56
ACC0151,Apr-22,14:54,Chennai Tamil Nadu,Serious,Truck,Hazy,Urban Road,3,2,Dawn,69
ACC0152,Nov-22,07:50,Dibrugarh Assam,Minor,Two-Wheeler,Foggy,National Highway,8,2,Daylight,54
ACC0153,Mar-18,02:29,Bokaro Jharkhand,Serious,Bus,Clear,State Highway,9,0,Dark,38
ACC0154,Feb-20,14:16,Nongstoin Meghalaya,Serious,Cycle,Hazy,State Highway,6,5,Dark,54
ACC0155,Mar-19,20:20,Gaya Bihar,Minor,Car,Stormy,National Highway,9,1,Daylight,67
ACC0156,Apr-20,21:52,Thoubal Manipur,Fatal,Car,Clear,State Highway,3,3,Daylight,69
ACC0157,Jul-19,19:50,Dehradun Uttarakhand,Serious,Bus,Hazy,State Highway,4,5,Daylight,69
ACC0158,Jan-18,20:38,New Delhi Delhi,Serious,Pedestrian,Clear,National Highway,9,0,Dusk,90
ACC0159,Mar-19,06:04,Gaya Bihar,Fatal,Two-Wheeler,Stormy,Urban Road,5,1,Daylight,35
ACC0160,Sep-19,07:15,Dharmanagar Tripura,Minor,Car,Rainy,National Highway,10,1,Dawn,118
ACC0161,Sep-23,02:36,Panipat Haryana,Serious,Truck,Rainy,Urban Road,9,0,Dawn,75
ACC0162,Oct-19,20:47,Karimnagar Telangana,Minor,Pedestrian,Hazy,Urban Road,1,2,Dawn,116
ACC0163,Aug-18,14:14,Udaipur Rajasthan,Serious,Auto-Rickshaw,Stormy,Village Road,3,0,Dusk,120
ACC0164,Dec-19,15:21,Puducherry Puducherry,Minor,Bus,Hazy,National Highway,3,1,Dark,73
ACC0165,Jul-23,12:12,Puducherry Puducherry,Fatal,Cycle,Hazy,State Highway,2,0,Dusk,40
ACC0166,Aug-19,12:46,Bhopal Madhya Pradesh,Minor,Two-Wheeler,Hazy,Village Road,1,3,Dusk,31
ACC0167,Nov-23,15:18,Lucknow Uttar Pradesh,Minor,Car,Stormy,Village Road,4,4,Dark,45
ACC0168,May-19,20:55,Silchar Assam,Serious,Truck,Clear,National Highway,7,0,Dark,100
ACC0169,Aug-19,17:40,Chandigarh Chandigarh,Serious,Truck,Clear,Urban Road,2,0,Dusk,64
ACC0170,Dec-23,05:36,Mandi Himachal Pradesh,Minor,Auto-Rickshaw,Clear,Village Road,3,1,Dark,78
ACC0171,Sep-21,04:57,Mangan Sikkim,Serious,Pedestrian,Clear,Village Road,0,0,Dark,91
ACC0172,Dec-20,02:24,Bhubaneswar Odisha,Fatal,Truck,Clear,Village Road,9,0,Daylight,66
ACC0173,Jan-23,04:46,Coimbatore Tamil Nadu,Fatal,Cycle,Foggy,State Highway,9,5,Dark,34
ACC0174,Aug-20,19:24,Mangalore Karnataka,Fatal,Cycle,Rainy,Urban Road,1,1,Daylight,73
ACC0175,Oct-18,17:59,New Delhi Delhi,Minor,Bus,Foggy,National Highway,6,4,Dusk,67
ACC0176,Sep-23,23:11,Indore Madhya Pradesh,Minor,Bus,Rainy,Village Road,9,0,Dark,108
ACC0177,Oct-20,20:35,Puducherry Puducherry,Minor,Pedestrian,Foggy,National Highway,8,1,Dark,65
ACC0178,Jul-20,13:27,Thiruvananthapuram Kerala,Fatal,Cycle,Rainy,National Highway,9,3,Daylight,78
ACC0179,Dec-20,03:48,Guwahati Assam,Fatal,Pedestrian,Stormy,National Highway,0,2,Daylight,49
ACC0180,Sep-22,09:15,Rohini Delhi,Minor,Two-Wheeler,Rainy,State Highway,0,0,Dusk,87
ACC0181,Mar-20,20:24,Faridabad Haryana,Fatal,Bus,Clear,Urban Road,3,4,Dusk,91
ACC0182,Jul-23,10:14,Ludhiana Punjab,Minor,Pedestrian,Clear,Urban Road,5,4,Dark,111
ACC0183,Jan-20,23:22,Dibrugarh Assam,Serious,Cycle,Foggy,Urban Road,4,4,Dark,99
ACC0184,May-23,06:14,Cuttack Odisha,Fatal,Cycle,Foggy,National Highway,4,4,Dusk,58
ACC0185,Apr-23,17:10,Korba Chhattisgarh,Fatal,Auto-Rickshaw,Hazy,Urban Road,2,5,Daylight,117
ACC0186,Jun-18,05:53,Gyalshing Sikkim,Serious,Two-Wheeler,Rainy,State Highway,3,2,Dusk,40
ACC0187,Jun-19,05:35,Aizawl Mizoram,Minor,Cycle,Foggy,Urban Road,6,5,Daylight,35
ACC0188,Aug-18,03:40,Siliguri West Bengal,Serious,Auto-Rickshaw,Stormy,Village Road,8,0,Daylight,48
ACC0189,May-19,05:19,Patna Bihar,Minor,Truck,Stormy,National Highway,7,4,Daylight,118
ACC0190,Feb-18,00:06,Agartala Tripura,Serious,Cycle,Clear,National Highway,1,4,Dark,53
ACC0191,Jul-21,03:30,Durgapur West Bengal,Minor,Auto-Rickshaw,Clear,State Highway,0,2,Dark,38
ACC0192,Dec-23,22:00,Udaipur Rajasthan,Minor,Car,Clear,Village Road,6,4,Dusk,62
ACC0193,Apr-18,20:12,Dharmanagar Tripura,Serious,Bus,Foggy,National Highway,8,3,Dawn,90
ACC0194,Jan-21,20:17,Muzaffarpur Bihar,Fatal,Bus,Foggy,National Highway,9,3,Daylight,40
ACC0195,Feb-22,12:25,Udaipur Rajasthan,Serious,Car,Hazy,Urban Road,6,3,Dawn,51
ACC0196,Jun-23,07:02,Dhanbad Jharkhand,Fatal,Two-Wheeler,Stormy,State Highway,2,0,Dawn,83
ACC0197,Oct-23,22:37,New Delhi Delhi,Serious,Pedestrian,Clear,National Highway,6,3,Daylight,55
ACC0198,Jun-18,00:54,Jalandhar Punjab,Minor,Car,Hazy,Village Road,1,3,Dark,106
ACC0199,Apr-20,04:09,Namchi Sikkim,Minor,Pedestrian,Stormy,State Highway,5,2,Dark,120
ACC0200,May-18,12:58,Chennai Tamil Nadu,Minor,Pedestrian,Foggy,Urban Road,9,2,Dusk,117
ACC0201,Jun-20,13:34,Haridwar Uttarakhand,Fatal,Auto-Rickshaw,Hazy,Urban Road,3,0,Dawn,50
ACC0202,Nov-20,03:03,Dharamshala Himachal Pradesh,Minor,Bus,Rainy,National Highway,5,0,Daylight,32
ACC0203,Jun-22,15:17,Ahmedabad Gujarat,Fatal,Cycle,Hazy,State Highway,9,1,Dusk,32
ACC0204,Oct-18,19:42,Varanasi Uttar Pradesh,Serious,Car,Stormy,State Highway,7,0,Dusk,106
ACC0205,Aug-20,14:42,Indore Madhya Pradesh,Serious,Two-Wheeler,Hazy,Urban Road,6,1,Dawn,34
ACC0206,Jan-19,12:21,Mangalore Karnataka,Fatal,Cycle,Hazy,State Highway,6,2,Dark,41
ACC0207,Aug-19,02:01,Bishnupur Manipur,Minor,Truck,Hazy,Urban Road,1,4,Daylight,120
ACC0208,Feb-19,08:19,Bhopal Madhya Pradesh,Serious,Cycle,Clear,Village Road,8,2,Dusk,84
ACC0209,Nov-21,13:44,Haldwani Uttarakhand,Minor,Car,Stormy,State Highway,9,4,Daylight,49
ACC0210,Oct-21,11:52,Jammu Jammu and Kashmir,Minor,Two-Wheeler,Stormy,Village Road,2,3,Dusk,79
ACC0211,Feb-22,21:05,Margao Goa,Fatal,Two-Wheeler,Hazy,Village Road,9,4,Daylight,95
ACC0212,May-21,00:41,Haridwar Uttarakhand,Fatal,Cycle,Rainy,Urban Road,1,2,Daylight,105
ACC0213,Nov-21,04:24,Durg Chhattisgarh,Minor,Auto-Rickshaw,Stormy,State Highway,0,2,Daylight,111
ACC0214,May-21,13:53,Pune Maharashtra,Minor,Two-Wheeler,Stormy,Urban Road,9,3,Daylight,75
ACC0215,May-21,01:04,Mumbai Maharashtra,Serious,Two-Wheeler,Hazy,Urban Road,8,0,Dark,50
ACC0216,Oct-22,00:06,Bishnupur Manipur,Fatal,Bus,Clear,Urban Road,0,3,Dawn,98
ACC0217,Mar-23,05:14,Mandi Himachal Pradesh,Minor,Two-Wheeler,Stormy,Village Road,3,3,Dark,93
ACC0218,Sep-21,20:15,New Delhi Delhi,Serious,Truck,Stormy,National Highway,10,0,Dusk,102
ACC0219,Jan-21,14:19,Dimapur Nagaland,Minor,Two-Wheeler,Foggy,State Highway,2,1,Daylight,38
ACC0220,Mar-23,21:18,Mysore Karnataka,Serious,Two-Wheeler,Clear,Urban Road,7,3,Dark,118
ACC0221,May-22,17:08,Thoubal Manipur,Serious,Pedestrian,Hazy,Village Road,9,1,Daylight,120
ACC0222,Nov-21,22:53,Tura Meghalaya,Fatal,Auto-Rickshaw,Hazy,National Highway,2,4,Daylight,99
ACC0223,Jun-19,09:33,Nizamabad Telangana,Minor,Truck,Hazy,Urban Road,8,0,Dawn,30
ACC0224,Nov-21,13:04,Pasighat Arunachal Pradesh,Minor,Cycle,Rainy,Urban Road,1,2,Dawn,43
ACC0225,Aug-19,16:07,Mapusa Goa,Minor,Car,Clear,Village Road,3,5,Dark,62
ACC0226,Nov-21,19:19,Amritsar Punjab,Serious,Truck,Hazy,Urban Road,1,0,Dawn,67
ACC0227,Apr-23,16:26,Gaya Bihar,Minor,Car,Stormy,State Highway,7,4,Dawn,54
ACC0228,May-21,11:16,Margao Goa,Minor,Pedestrian,Rainy,National Highway,10,3,Daylight,97
ACC0229,Dec-23,13:48,Ambala Haryana,Minor,Cycle,Rainy,Village Road,7,4,Daylight,68
ACC0230,Apr-20,17:25,Ahmedabad Gujarat,Minor,Auto-Rickshaw,Foggy,State Highway,10,2,Dusk,110
ACC0231,Apr-21,22:45,Dimapur Nagaland,Fatal,Auto-Rickshaw,Rainy,State Highway,5,0,Dark,35
ACC0232,Jan-21,00:54,Thoubal Manipur,Serious,Truck,Foggy,State Highway,3,3,Dark,42
ACC0233,Dec-21,17:01,Thiruvananthapuram Kerala,Serious,Two-Wheeler,Hazy,National Highway,10,4,Daylight,100
ACC0234,Jun-19,14:59,Vasco da Gama Goa,Serious,Cycle,Foggy,Urban Road,0,4,Dark,109
ACC0235,Aug-21,13:11,Mangan Sikkim,Serious,Auto-Rickshaw,Clear,State Highway,0,4,Dusk,59
ACC0236,Dec-23,21:33,Puducherry Puducherry,Serious,Auto-Rickshaw,Clear,Village Road,4,2,Dark,86
ACC0237,Dec-19,11:33,Naharlagun Arunachal Pradesh,Fatal,Pedestrian,Rainy,Village Road,7,0,Daylight,75
ACC0238,Apr-21,21:09,Lucknow Uttar Pradesh,Serious,Bus,Clear,Urban Road,2,2,Dawn,49
ACC0239,Jun-19,04:45,Vasco da Gama Goa,Fatal,Pedestrian,Foggy,State Highway,5,1,Dark,106
ACC0240,Apr-23,09:22,Dhanbad Jharkhand,Serious,Two-Wheeler,Rainy,State Highway,6,5,Dark,118
ACC0241,Aug-20,13:42,Kolkata West Bengal,Fatal,Auto-Rickshaw,Hazy,National Highway,8,4,Dawn,112
ACC0242,Nov-18,16:36,Cuttack Odisha,Serious,Auto-Rickshaw,Foggy,National Highway,9,3,Dark,88
ACC0243,Jan-20,08:09,Patiala Punjab,Serious,Truck,Stormy,State Highway,2,4,Dusk,85
ACC0244,Aug-20,08:31,Bokaro Jharkhand,Serious,Pedestrian,Hazy,State Highway,6,2,Daylight,46
ACC0245,Apr-23,08:55,Patna Bihar,Minor,Truck,Stormy,Urban Road,0,4,Dark,45
ACC0246,Mar-19,07:29,Mokokchung Nagaland,Serious,Auto-Rickshaw,Foggy,National Highway,1,5,Dark,62
ACC0247,Feb-23,22:27,Dhanbad Jharkhand,Minor,Car,Clear,Village Road,0,1,Daylight,65
ACC0248,Oct-22,00:07,Thrissur Kerala,Serious,Pedestrian,Stormy,State Highway,10,0,Dawn,66
ACC0249,Jan-21,00:00,Mangan Sikkim,Minor,Bus,Stormy,Village Road,4,3,Dusk,91
ACC0250,Sep-22,16:38,Warangal Telangana,Fatal,Two-Wheeler,Clear,National Highway,6,1,Daylight,46
ACC0251,May-18,06:54,Margao Goa,Minor,Cycle,Clear,National Highway,1,2,Dusk,119
ACC0252,Mar-19,17:11,Mysore Karnataka,Serious,Auto-Rickshaw,Hazy,Village Road,9,3,Dark,57
ACC0253,May-18,17:10,Kolkata West Bengal,Fatal,Car,Foggy,Urban Road,10,2,Daylight,115
ACC0254,Jul-18,23:46,Bangalore Karnataka,Serious,Two-Wheeler,Clear,Village Road,10,5,Daylight,85
ACC0255,Jan-22,02:23,Anantnag Jammu and Kashmir,Serious,Two-Wheeler,Hazy,National Highway,3,5,Dusk,103
ACC0256,Nov-21,14:20,Chandigarh Chandigarh,Serious,Two-Wheeler,Clear,National Highway,2,3,Daylight,46
ACC0257,Jan-20,20:05,Gwalior Madhya Pradesh,Minor,Two-Wheeler,Clear,National Highway,7,5,Dawn,81
ACC0258,Nov-21,09:13,Cuttack Odisha,Minor,Two-Wheeler,Hazy,Village Road,9,4,Daylight,31
ACC0259,Aug-22,10:34,Jodhpur Rajasthan,Minor,Two-Wheeler,Clear,State Highway,9,0,Daylight,90
ACC0260,Jul-18,06:40,Haldwani Uttarakhand,Serious,Cycle,Hazy,State Highway,3,0,Dusk,61
ACC0261,Aug-22,23:32,Dehradun Uttarakhand,Serious,Auto-Rickshaw,Clear,Urban Road,1,3,Dark,66
ACC0262,Jan-20,19:54,Kochi Kerala,Serious,Bus,Clear,National Highway,3,3,Dark,44
ACC0263,Nov-22,20:31,Jabalpur Madhya Pradesh,Fatal,Pedestrian,Clear,Village Road,9,3,Daylight,69
ACC0264,Mar-22,03:10,Tura Meghalaya,Serious,Pedestrian,Hazy,State Highway,8,3,Daylight,98
ACC0265,Jun-20,01:08,Mandi Himachal Pradesh,Serious,Car,Stormy,Village Road,4,1,Dusk,37
ACC0266,Jun-22,20:12,Bangalore Karnataka,Fatal,Auto-Rickshaw,Clear,Village Road,1,0,Dawn,39
ACC0267,May-19,12:00,Margao Goa,Serious,Two-Wheeler,Rainy,Village Road,0,2,Dawn,60
ACC0268,Oct-19,18:40,Madurai Tamil Nadu,Minor,Two-Wheeler,Clear,Urban Road,1,5,Daylight,61
ACC0269,Jun-20,08:07,Nizamabad Telangana,Fatal,Cycle,Stormy,National Highway,0,5,Dawn,54
ACC0270,Jan-20,06:37,Agartala Tripura,Minor,Pedestrian,Rainy,National Highway,8,1,Dusk,82
ACC0271,Sep-18,08:31,Siliguri West Bengal,Fatal,Truck,Stormy,State Highway,5,0,Dusk,76
ACC0272,Mar-21,04:08,Nongstoin Meghalaya,Serious,Bus,Foggy,National Highway,8,1,Dawn,116
ACC0273,Feb-21,22:04,Nizamabad Telangana,Serious,Two-Wheeler,Clear,National Highway,4,3,Daylight,60
ACC0274,Aug-20,06:27,Siliguri West Bengal,Fatal,Car,Foggy,National Highway,10,4,Daylight,103
ACC0275,Jul-19,17:12,Bhopal Madhya Pradesh,Fatal,Bus,Clear,Urban Road,0,2,Daylight,32
ACC0276,Dec-21,21:32,Mangan Sikkim,Fatal,Bus,Stormy,National Highway,7,4,Dark,109
ACC0277,Nov-19,14:26,Panaji Goa,Minor,Cycle,Stormy,Urban Road,3,1,Dusk,62
ACC0278,Jan-19,23:05,Chandigarh Chandigarh,Serious,Bus,Hazy,Village Road,5,3,Dawn,46
ACC0279,Jul-20,12:46,Dhanbad Jharkhand,Serious,Two-Wheeler,Rainy,Urban Road,1,2,Dusk,70
ACC0280,Jan-22,06:53,Dehradun Uttarakhand,Fatal,Bus,Stormy,Village Road,0,2,Dawn,87
ACC0281,Oct-21,08:38,Coimbatore Tamil Nadu,Fatal,Bus,Clear,State Highway,5,4,Dusk,67
ACC0282,Feb-22,00:14,Mumbai Maharashtra,Minor,Car,Hazy,Village Road,9,1,Dusk,105
ACC0283,Feb-19,13:31,Pune Maharashtra,Fatal,Bus,Foggy,Urban Road,4,5,Dark,120
ACC0284,Oct-22,09:38,Vijayawada Andhra Pradesh,Serious,Cycle,Hazy,National Highway,5,3,Dusk,112
ACC0285,May-21,04:51,New Delhi Delhi,Minor,Pedestrian,Stormy,Urban Road,9,1,Dark,54
ACC0286,Jun-23,04:39,Surat Gujarat,Minor,Pedestrian,Clear,State Highway,1,3,Dark,40
ACC0287,Dec-20,21:46,Tirupati Andhra Pradesh,Fatal,Cycle,Stormy,Urban Road,8,4,Dawn,40
ACC0288,Jul-21,00:53,Udaipur Rajasthan,Minor,Two-Wheeler,Rainy,National Highway,5,0,Dark,65
ACC0289,May-23,00:12,Dibrugarh Assam,Serious,Truck,Foggy,Village Road,7,0,Daylight,103
ACC0290,Nov-20,13:03,Tirupati Andhra Pradesh,Fatal,Pedestrian,Stormy,National Highway,1,1,Dark,32
ACC0291,Feb-22,14:54,Gurugram Haryana,Serious,Cycle,Clear,Village Road,8,1,Dark,37
ACC0292,Feb-21,08:27,Margao Goa,Fatal,Two-Wheeler,Foggy,Village Road,7,4,Dark,114
ACC0293,Dec-18,03:45,Itanagar Arunachal Pradesh,Serious,Auto-Rickshaw,Clear,National Highway,3,3,Dusk,72
ACC0294,Jul-20,14:58,Kohima Nagaland,Minor,Cycle,Stormy,National Highway,8,5,Dark,80
ACC0295,May-23,13:36,Kolkata West Bengal,Minor,Two-Wheeler,Hazy,Urban Road,0,4,Dark,61
ACC0296,Mar-19,15:05,Puri Odisha,Serious,Car,Hazy,State Highway,6,0,Dawn,90
ACC0297,Feb-23,00:13,Siliguri West Bengal,Fatal,Bus,Hazy,State Highway,7,4,Daylight,71
ACC0298,Aug-23,14:59,Anantnag Jammu and Kashmir,Fatal,Truck,Stormy,National Highway,9,4,Dark,88
ACC0299,Apr-18,06:33,Bhilai Chhattisgarh,Fatal,Bus,Foggy,State Highway,0,2,Dusk,68
ACC0300,May-18,07:00,Jalandhar Punjab,Minor,Two-Wheeler,Hazy,Village Road,2,4,Dawn,42
ACC0301,Oct-19,02:04,Thoubal Manipur,Minor,Cycle,Clear,Urban Road,4,5,Daylight,58
ACC0302,Sep-18,18:31,Durgapur West Bengal,Serious,Truck,Foggy,State Highway,3,5,Daylight,100
ACC0303,Mar-19,13:17,Bishnupur Manipur,Serious,Pedestrian,Rainy,Urban Road,3,3,Daylight,111
ACC0304,Mar-23,15:02,Solan Himachal Pradesh,Fatal,Cycle,Foggy,State Highway,2,4,Dusk,89
ACC0305,Mar-22,17:14,Dwarka Delhi,Minor,Auto-Rickshaw,Foggy,National Highway,8,2,Daylight,61
ACC0306,Sep-19,09:24,Kohima Nagaland,Minor,Car,Stormy,State Highway,8,5,Dark,90
ACC0307,Sep-19,00:49,Ludhiana Punjab,Minor,Pedestrian,Hazy,National Highway,8,0,Daylight,99
ACC0308,Jan-20,17:24,Mandi Himachal Pradesh,Serious,Auto-Rickshaw,Hazy,Urban Road,5,4,Dark,111
ACC0309,Jan-23,00:26,Faridabad Haryana,Minor,Bus,Stormy,State Highway,3,1,Dusk,98
ACC0310,Jul-23,12:30,Namchi Sikkim,Minor,Cycle,Rainy,National Highway,4,0,Dark,37
ACC0311,Jan-21,15:27,Lunglei Mizoram,Fatal,Cycle,Hazy,State Highway,10,5,Dark,67
ACC0312,Feb-21,10:12,Gyalshing Sikkim,Serious,Pedestrian,Foggy,Urban Road,3,1,Dark,78
ACC0313,Aug-20,08:34,Gyalshing Sikkim,Serious,Two-Wheeler,Rainy,National Highway,8,4,Dark,73
ACC0314,Mar-20,08:29,Hyderabad Telangana,Fatal,Cycle,Clear,State Highway,6,1,Dusk,41
ACC0315,Feb-19,17:02,Jowai Meghalaya,Fatal,Two-Wheeler,Foggy,Village Road,0,1,Daylight,100
ACC0316,Jul-22,19:58,Raipur Chhattisgarh,Fatal,Bus,Clear,State Highway,10,0,Dark,54
ACC0317,Dec-22,02:20,Surat Gujarat,Minor,Cycle,Clear,Urban Road,5,1,Dark,84
ACC0318,Jul-22,14:18,Dhanbad Jharkhand,Serious,Truck,Foggy,National Highway,4,1,Dawn,103
ACC0319,Oct-19,08:59,Bhilai Chhattisgarh,Minor,Pedestrian,Rainy,Urban Road,8,5,Dusk,103
ACC0320,Sep-19,21:35,Kohima Nagaland,Serious,Auto-Rickshaw,Rainy,Urban Road,10,4,Dusk,97
ACC0321,Sep-23,23:25,Dibrugarh Assam,Fatal,Bus,Clear,National Highway,1,3,Daylight,60
ACC0322,Jul-18,12:28,Dharmanagar Tripura,Fatal,Auto-Rickshaw,Foggy,National Highway,1,0,Dawn,38
ACC0323,Jan-18,14:33,Bhagalpur Bihar,Fatal,Auto-Rickshaw,Foggy,State Highway,0,2,Dusk,56
ACC0324,Aug-22,14:42,Panaji Goa,Fatal,Two-Wheeler,Clear,Urban Road,9,2,Daylight,100
ACC0325,Jun-20,00:49,Guwahati Assam,Fatal,Two-Wheeler,Hazy,Urban Road,9,5,Dark,79
ACC0326,Jun-20,09:21,Lunglei Mizoram,Fatal,Bus,Stormy,Village Road,0,4,Dark,104
ACC0327,Jun-20,13:47,Dimapur Nagaland,Serious,Auto-Rickshaw,Hazy,Village Road,10,2,Dusk,40
ACC0328,Dec-18,11:33,Kolkata West Bengal,Fatal,Car,Hazy,Village Road,2,5,Daylight,49
ACC0329,Aug-22,14:05,Thoubal Manipur,Fatal,Two-Wheeler,Stormy,Urban Road,10,4,Dawn,93
ACC0330,Jan-22,01:23,Margao Goa,Minor,Truck,Hazy,National Highway,10,1,Daylight,59
ACC0331,Dec-23,15:36,Nagpur Maharashtra,Fatal,Cycle,Clear,Urban Road,6,2,Daylight,46
ACC0332,Jan-20,04:11,Vasco da Gama Goa,Serious,Two-Wheeler,Clear,Urban Road,9,2,Daylight,49
ACC0333,Jan-18,18:22,Aizawl Mizoram,Serious,Pedestrian,Rainy,State Highway,4,5,Daylight,46
ACC0334,Apr-19,21:28,Mangan Sikkim,Serious,Two-Wheeler,Rainy,State Highway,0,2,Daylight,109
ACC0335,Jan-19,20:13,Ambala Haryana,Minor,Auto-Rickshaw,Clear,Village Road,2,4,Dark,96
ACC0336,May-19,05:23,Agartala Tripura,Serious,Pedestrian,Rainy,State Highway,6,0,Dawn,35
ACC0337,Jan-23,08:24,Dibrugarh Assam,Fatal,Two-Wheeler,Clear,Village Road,6,1,Dark,95
ACC0338,Jul-22,05:39,Nagpur Maharashtra,Fatal,Pedestrian,Stormy,State Highway,10,0,Daylight,75
ACC0339,Feb-21,23:09,Imphal Manipur,Fatal,Auto-Rickshaw,Rainy,National Highway,9,1,Dawn,49
ACC0340,Apr-23,13:09,Bhopal Madhya Pradesh,Fatal,Cycle,Rainy,Village Road,7,1,Dawn,65
ACC0341,Dec-18,14:40,Gaya Bihar,Fatal,Car,Rainy,National Highway,1,5,Dusk,101
ACC0342,Apr-22,08:40,Kochi Kerala,Serious,Two-Wheeler,Stormy,State Highway,7,2,Dawn,106
ACC0343,Aug-22,20:07,Chandigarh Chandigarh,Minor,Bus,Foggy,Urban Road,3,1,Dusk,101
ACC0344,Jul-19,14:12,Mangalore Karnataka,Serious,Cycle,Stormy,State Highway,8,0,Dusk,68
ACC0345,Jun-20,13:00,Mangalore Karnataka,Serious,Bus,Hazy,Village Road,4,1,Dusk,66
ACC0346,Nov-19,21:57,Karaikal Puducherry,Serious,Car,Rainy,National Highway,10,2,Dark,118
ACC0347,Feb-20,12:06,Pune Maharashtra,Fatal,Truck,Foggy,State Highway,1,0,Dusk,71
ACC0348,Mar-21,03:39,Margao Goa,Serious,Bus,Hazy,Village Road,6,4,Dark,30
ACC0349,Aug-21,07:34,Silchar Assam,Fatal,Bus,Hazy,Urban Road,3,3,Dawn,32
ACC0350,May-20,16:58,Chandigarh Chandigarh,Serious,Auto-Rickshaw,Clear,Village Road,2,5,Dusk,107
ACC0351,May-21,00:22,Shillong Meghalaya,Minor,Cycle,Foggy,State Highway,0,2,Dark,112
ACC0352,Jan-23,13:07,Cuttack Odisha,Serious,Truck,Clear,State Highway,10,0,Daylight,78
ACC0353,Sep-19,19:05,Kohima Nagaland,Fatal,Cycle,Rainy,Village Road,5,3,Dark,31
ACC0354,Oct-20,14:37,Rourkela Odisha,Minor,Bus,Clear,Urban Road,2,0,Dusk,104
ACC0355,May-21,14:10,Madurai Tamil Nadu,Minor,Truck,Rainy,Urban Road,5,4,Daylight,72
ACC0356,Sep-20,17:31,Panaji Goa,Fatal,Cycle,Rainy,National Highway,8,5,Daylight,107
ACC0357,Feb-23,22:05,Bishnupur Manipur,Fatal,Truck,Foggy,State Highway,6,3,Daylight,52
ACC0358,Nov-20,20:51,New Delhi Delhi,Serious,Two-Wheeler,Hazy,State Highway,3,4,Dusk,57
ACC0359,Jun-18,01:05,Namchi Sikkim,Serious,Two-Wheeler,Foggy,National Highway,5,2,Dawn,105
ACC0360,Sep-21,11:04,Bangalore Karnataka,Minor,Auto-Rickshaw,Clear,Village Road,10,3,Dark,56
ACC0361,Apr-19,02:30,Nagpur Maharashtra,Fatal,Pedestrian,Rainy,Village Road,0,4,Daylight,99
ACC0362,Dec-18,00:02,New Delhi Delhi,Minor,Bus,Hazy,State Highway,8,3,Daylight,48
ACC0363,Apr-19,23:24,Ambala Haryana,Minor,Two-Wheeler,Rainy,Urban Road,5,3,Dawn,59
ACC0364,Sep-18,05:04,Guwahati Assam,Serious,Truck,Foggy,State Highway,9,5,Dark,51
ACC0365,Dec-19,14:33,Ranchi Jharkhand,Minor,Cycle,Rainy,Village Road,2,1,Dark,115
ACC0366,Feb-19,13:27,Kohima Nagaland,Fatal,Bus,Stormy,National Highway,8,5,Dark,46
ACC0367,Jun-18,03:42,Rohini Delhi,Minor,Auto-Rickshaw,Rainy,Urban Road,5,3,Dusk,69
ACC0368,Nov-22,02:40,Mumbai Maharashtra,Serious,Two-Wheeler,Hazy,Urban Road,1,0,Dark,119
ACC0369,Jul-19,06:56,Solan Himachal Pradesh,Serious,Auto-Rickshaw,Rainy,National Highway,2,1,Daylight,60
ACC0370,Jan-19,17:33,Vadodara Gujarat,Fatal,Truck,Hazy,National Highway,4,1,Dark,46
ACC0371,Nov-18,15:36,Coimbatore Tamil Nadu,Minor,Auto-Rickshaw,Hazy,State Highway,8,0,Dawn,103
ACC0372,May-20,20:02,Dibrugarh Assam,Fatal,Cycle,Clear,State Highway,7,2,Dawn,75
ACC0373,Oct-19,12:24,Thiruvananthapuram Kerala,Serious,Bus,Stormy,Urban Road,1,4,Dark,75
ACC0374,May-20,14:39,Udaipur Rajasthan,Serious,Car,Rainy,National Highway,10,4,Dark,56
ACC0375,Feb-20,18:24,Tirupati Andhra Pradesh,Minor,Pedestrian,Stormy,Urban Road,9,3,Dusk,57
ACC0376,Jan-18,13:21,Rohini Delhi,Fatal,Pedestrian,Foggy,State Highway,9,5,Dark,45
ACC0377,Aug-18,10:45,Puducherry Puducherry,Minor,Auto-Rickshaw,Foggy,National Highway,3,0,Dark,88
ACC0378,Apr-20,02:24,Ahmedabad Gujarat,Serious,Cycle,Rainy,Village Road,10,4,Dark,114
ACC0379,Jul-23,10:24,Haridwar Uttarakhand,Minor,Two-Wheeler,Foggy,Urban Road,7,1,Dusk,32
ACC0380,Nov-19,11:43,Cuttack Odisha,Serious,Car,Rainy,Urban Road,0,5,Dusk,105
ACC0381,Oct-20,23:18,Rohini Delhi,Fatal,Two-Wheeler,Stormy,National Highway,7,1,Dark,112
ACC0382,Dec-23,10:34,Naharlagun Arunachal Pradesh,Minor,Two-Wheeler,Rainy,Village Road,9,5,Dark,102
ACC0383,Jun-21,20:31,Varanasi Uttar Pradesh,Fatal,Cycle,Stormy,Village Road,10,2,Dusk,87
ACC0384,Mar-23,12:48,Bhilai Chhattisgarh,Fatal,Bus,Rainy,National Highway,9,3,Dawn,71
ACC0385,Mar-19,22:42,Dibrugarh Assam,Fatal,Truck,Stormy,National Highway,3,5,Dark,47
ACC0386,Dec-18,22:52,Bishnupur Manipur,Serious,Pedestrian,Rainy,Village Road,5,0,Dark,39
ACC0387,Aug-23,09:21,Thrissur Kerala,Minor,Bus,Foggy,Urban Road,10,1,Daylight,37
ACC0388,May-21,15:12,Visakhapatnam Andhra Pradesh,Minor,Cycle,Clear,State Highway,3,0,Daylight,86
ACC0389,Mar-23,01:12,Vasco da Gama Goa,Minor,Truck,Clear,National Highway,6,2,Dusk,65
ACC0390,Jun-21,15:28,Dwarka Delhi,Serious,Two-Wheeler,Hazy,Village Road,7,5,Daylight,95
ACC0391,Feb-23,13:19,Madurai Tamil Nadu,Fatal,Cycle,Hazy,State Highway,7,5,Daylight,42
ACC0392,Sep-20,17:45,Lucknow Uttar Pradesh,Fatal,Pedestrian,Rainy,State Highway,7,5,Dawn,76
ACC0393,Dec-23,15:54,Aizawl Mizoram,Serious,Pedestrian,Hazy,State Highway,2,0,Dark,38
ACC0394,Jun-23,09:34,Chennai Tamil Nadu,Serious,Auto-Rickshaw,Hazy,National Highway,0,5,Daylight,37
ACC0395,May-23,07:08,Dharmanagar Tripura,Fatal,Auto-Rickshaw,Stormy,National Highway,8,3,Dawn,36
ACC0396,May-19,19:44,Rourkela Odisha,Serious,Bus,Rainy,Urban Road,10,3,Dusk,104
ACC0397,May-21,21:19,Warangal Telangana,Serious,Two-Wheeler,Clear,State Highway,4,1,Daylight,34
ACC0398,Jul-18,06:57,Nongstoin Meghalaya,Minor,Bus,Clear,Village Road,2,5,Dusk,69
ACC0399,Apr-19,16:46,Dimapur Nagaland,Serious,Car,Hazy,State Highway,2,4,Daylight,105
ACC0400,Sep-20,22:01,Mysore Karnataka,Minor,Truck,Foggy,Urban Road,0,3,Dark,80
ACC0401,Mar-19,07:09,Agartala Tripura,Fatal,Bus,Rainy,State Highway,8,0,Daylight,71
ACC0402,Oct-19,02:18,Dhanbad Jharkhand,Serious,Two-Wheeler,Clear,State Highway,6,5,Dusk,64
ACC0403,Apr-22,08:58,Bhilai Chhattisgarh,Minor,Bus,Stormy,National Highway,3,2,Daylight,115
ACC0404,Jun-19,16:15,Haridwar Uttarakhand,Minor,Car,Stormy,State Highway,3,0,Dusk,37
ACC0405,Sep-23,14:29,Panaji Goa,Minor,Bus,Foggy,State Highway,0,1,Dawn,64
ACC0406,Nov-19,05:52,Vijayawada Andhra Pradesh,Serious,Cycle,Foggy,State Highway,4,3,Daylight,117
ACC0407,Sep-21,18:22,Naharlagun Arunachal Pradesh,Serious,Bus,Hazy,National Highway,10,5,Daylight,115
ACC0408,May-20,03:47,Kochi Kerala,Serious,Bus,Clear,Urban Road,5,4,Dawn,110
ACC0409,Apr-20,05:59,Udaipur Rajasthan,Fatal,Two-Wheeler,Hazy,Urban Road,4,3,Dark,36
ACC0410,May-21,15:15,Lunglei Mizoram,Minor,Pedestrian,Clear,Village Road,9,4,Dusk,49
ACC0411,Apr-21,20:40,Tura Meghalaya,Fatal,Bus,Foggy,Urban Road,4,4,Dark,70
ACC0412,Sep-22,14:23,Udaipur Tripura,Fatal,Bus,Clear,Urban Road,8,2,Daylight,101
ACC0413,Jul-22,10:02,Jodhpur Rajasthan,Serious,Auto-Rickshaw,Rainy,Urban Road,10,1,Daylight,55
ACC0414,Apr-22,05:46,Lunglei Mizoram,Fatal,Cycle,Hazy,State Highway,4,5,Dawn,32
ACC0415,Jan-21,00:31,Bilaspur Chhattisgarh,Minor,Pedestrian,Rainy,Urban Road,9,5,Dawn,107
ACC0416,Jun-22,19:47,Champhai Mizoram,Serious,Auto-Rickshaw,Hazy,Village Road,9,2,Dark,101
ACC0417,Jul-20,22:36,Faridabad Haryana,Serious,Two-Wheeler,Clear,Urban Road,10,3,Dark,61
ACC0418,Mar-21,17:14,Gaya Bihar,Fatal,Cycle,Rainy,National Highway,8,4,Daylight,107
ACC0419,Aug-18,21:29,Kolkata West Bengal,Minor,Cycle,Stormy,State Highway,5,4,Dawn,59
ACC0420,Sep-21,20:49,Bokaro Jharkhand,Fatal,Bus,Clear,State Highway,3,3,Dusk,62
ACC0421,Mar-23,16:13,Jammu Jammu and Kashmir,Fatal,Bus,Hazy,State Highway,9,4,Dark,102
ACC0422,Apr-21,11:37,Itanagar Arunachal Pradesh,Fatal,Auto-Rickshaw,Clear,National Highway,6,1,Dawn,33
ACC0423,Nov-22,23:03,Puri Odisha,Minor,Car,Rainy,Village Road,2,5,Daylight,31
ACC0424,Sep-19,18:32,Nongstoin Meghalaya,Minor,Bus,Foggy,National Highway,8,2,Dusk,58
ACC0425,Nov-21,09:16,Raipur Chhattisgarh,Fatal,Cycle,Stormy,Village Road,8,2,Daylight,99
ACC0426,Oct-22,16:42,Anantnag Jammu and Kashmir,Fatal,Two-Wheeler,Stormy,Village Road,8,5,Daylight,88
ACC0427,Oct-22,00:51,Nongstoin Meghalaya,Minor,Cycle,Foggy,Village Road,8,0,Dark,45
ACC0428,Jul-23,23:16,Mandi Himachal Pradesh,Fatal,Cycle,Hazy,Village Road,10,3,Daylight,101
ACC0429,May-19,21:23,Visakhapatnam Andhra Pradesh,Fatal,Truck,Stormy,National Highway,9,0,Daylight,61
ACC0430,Mar-20,23:04,Siliguri West Bengal,Fatal,Two-Wheeler,Hazy,National Highway,10,5,Dusk,104
ACC0431,Dec-20,13:03,Bokaro Jharkhand,Minor,Car,Foggy,National Highway,10,4,Dark,112
ACC0432,Jun-19,21:18,Chandigarh Chandigarh,Fatal,Car,Rainy,National Highway,5,4,Dusk,80
ACC0433,May-23,23:01,Jammu Jammu and Kashmir,Serious,Bus,Clear,National Highway,3,3,Dusk,116
ACC0434,Nov-21,12:45,Nizamabad Telangana,Serious,Cycle,Rainy,Village Road,5,4,Dark,72
ACC0435,Apr-20,09:16,Indore Madhya Pradesh,Minor,Auto-Rickshaw,Rainy,State Highway,2,1,Dark,59
ACC0436,Oct-22,11:30,Lunglei Mizoram,Minor,Car,Rainy,Village Road,0,2,Dusk,40
ACC0437,Jul-22,14:16,Thiruvananthapuram Kerala,Minor,Pedestrian,Stormy,Village Road,9,3,Daylight,107
ACC0438,Apr-21,01:24,Gangtok Sikkim,Fatal,Pedestrian,Rainy,Village Road,5,2,Dusk,101
ACC0439,Feb-20,04:58,Udaipur Rajasthan,Serious,Cycle,Rainy,National Highway,8,1,Dawn,79
ACC0440,Mar-21,22:06,Amritsar Punjab,Serious,Truck,Hazy,National Highway,5,3,Daylight,50
ACC0441,Jan-19,22:47,Chandigarh Chandigarh,Minor,Cycle,Foggy,State Highway,8,3,Dawn,89
ACC0442,Jun-21,22:15,Anantnag Jammu and Kashmir,Serious,Two-Wheeler,Stormy,State Highway,9,5,Dusk,34
ACC0443,May-23,06:59,Ambala Haryana,Fatal,Auto-Rickshaw,Clear,National Highway,2,4,Daylight,34
ACC0444,May-21,15:49,Dimapur Nagaland,Fatal,Cycle,Rainy,National Highway,4,5,Dusk,59
ACC0445,Sep-22,01:46,Thoubal Manipur,Minor,Auto-Rickshaw,Stormy,National Highway,3,2,Dusk,32
ACC0446,Jun-21,10:18,Gangtok Sikkim,Fatal,Car,Hazy,State Highway,7,4,Dark,37
ACC0447,Sep-18,12:45,Imphal Manipur,Serious,Pedestrian,Foggy,Village Road,5,0,Dawn,120
ACC0448,Oct-21,22:19,Thoubal Manipur,Minor,Truck,Clear,National Highway,9,2,Dusk,92
ACC0449,Nov-22,17:12,Agartala Tripura,Serious,Car,Clear,National Highway,3,1,Dusk,77
ACC0450,May-21,03:16,Faridabad Haryana,Minor,Car,Clear,State Highway,5,0,Dawn,72
ACC0451,Jul-20,15:10,Chandigarh Chandigarh,Minor,Car,Rainy,National Highway,0,3,Daylight,58
ACC0452,Nov-20,09:30,Puducherry Puducherry,Serious,Two-Wheeler,Clear,State Highway,1,3,Dark,70
ACC0453,Feb-20,09:44,Bangalore Karnataka,Minor,Auto-Rickshaw,Rainy,State Highway,2,4,Dawn,97
ACC0454,Sep-18,14:15,Jorhat Assam,Fatal,Cycle,Foggy,Urban Road,7,1,Dusk,118
ACC0455,Dec-20,21:53,Mangalore Karnataka,Minor,Truck,Rainy,Urban Road,6,3,Dark,74
ACC0456,May-20,20:03,Mandi Himachal Pradesh,Fatal,Car,Foggy,National Highway,9,0,Dusk,100
ACC0457,Mar-21,14:16,Dwarka Delhi,Serious,Auto-Rickshaw,Clear,Village Road,3,0,Daylight,76
ACC0458,May-22,20:56,Panipat Haryana,Minor,Bus,Clear,Urban Road,4,3,Dawn,98
ACC0459,Nov-22,08:52,Baramulla Jammu and Kashmir,Fatal,Bus,Foggy,Urban Road,0,0,Dark,99
ACC0460,Apr-18,21:57,Udaipur Tripura,Serious,Two-Wheeler,Clear,Village Road,10,2,Dawn,31
ACC0461,May-21,00:09,Champhai Mizoram,Serious,Cycle,Clear,State Highway,6,5,Dawn,108
ACC0462,Jun-23,19:15,Faridabad Haryana,Minor,Auto-Rickshaw,Rainy,State Highway,4,1,Dusk,54
ACC0463,Feb-23,09:48,Baramulla Jammu and Kashmir,Serious,Truck,Stormy,Village Road,0,3,Dusk,61
ACC0464,Jun-21,10:38,Kozhikode Kerala,Fatal,Auto-Rickshaw,Rainy,Urban Road,2,5,Dark,31
ACC0465,Sep-21,02:46,Dhanbad Jharkhand,Minor,Auto-Rickshaw,Clear,Urban Road,2,4,Dawn,67
ACC0466,Dec-18,17:17,Baramulla Jammu and Kashmir,Minor,Two-Wheeler,Hazy,State Highway,3,4,Dark,112
ACC0467,Oct-22,14:14,Srinagar Jammu and Kashmir,Minor,Truck,Stormy,Village Road,1,5,Dusk,61
ACC0468,Jun-20,18:22,Kohima Nagaland,Minor,Two-Wheeler,Hazy,National Highway,3,1,Dusk,91
ACC0469,Sep-20,10:46,Jammu Jammu and Kashmir,Minor,Pedestrian,Clear,State Highway,10,2,Dusk,111
ACC0470,Sep-21,12:00,Udaipur Rajasthan,Fatal,Two-Wheeler,Foggy,Urban Road,10,0,Dusk,102
ACC0471,Sep-22,03:56,Kozhikode Kerala,Fatal,Pedestrian,Foggy,Urban Road,6,0,Dawn,55
ACC0472,Nov-21,04:30,Ranchi Jharkhand,Fatal,Car,Stormy,State Highway,2,0,Dark,34
ACC0473,Mar-22,20:13,Ludhiana Punjab,Minor,Auto-Rickshaw,Rainy,Village Road,8,3,Dawn,32
ACC0474,Dec-21,14:20,Varanasi Uttar Pradesh,Minor,Truck,Rainy,National Highway,3,4,Dusk,111
ACC0475,Mar-22,20:19,Gyalshing Sikkim,Minor,Two-Wheeler,Hazy,Village Road,7,1,Daylight,118
ACC0476,Jun-21,01:03,Amritsar Punjab,Serious,Car,Foggy,State Highway,1,0,Dark,40
ACC0477,Dec-18,13:05,Mumbai Maharashtra,Serious,Bus,Stormy,National Highway,8,1,Daylight,55
ACC0478,Jun-19,09:07,Dibrugarh Assam,Minor,Truck,Clear,Urban Road,8,2,Dark,74
ACC0479,Aug-18,07:02,Srinagar Jammu and Kashmir,Serious,Bus,Hazy,National Highway,10,2,Daylight,45
ACC0480,Jan-22,09:31,Mangan Sikkim,Fatal,Pedestrian,Stormy,Village Road,1,3,Dawn,59
ACC0481,Apr-22,05:38,Varanasi Uttar Pradesh,Fatal,Truck,Rainy,Village Road,8,5,Dawn,111
ACC0482,Jun-21,21:12,Lunglei Mizoram,Serious,Two-Wheeler,Stormy,National Highway,1,5,Dawn,111
ACC0483,Oct-20,03:27,Korba Chhattisgarh,Serious,Auto-Rickshaw,Rainy,Urban Road,1,2,Dusk,40
ACC0484,Feb-18,18:33,Bishnupur Manipur,Fatal,Two-Wheeler,Stormy,State Highway,3,3,Daylight,91
ACC0485,Sep-20,21:00,Margao Goa,Minor,Truck,Hazy,Urban Road,7,1,Dark,72
ACC0486,Oct-21,13:22,Gyalshing Sikkim,Minor,Pedestrian,Clear,National Highway,4,2,Daylight,51
ACC0487,Sep-23,17:41,Jamshedpur Jharkhand,Fatal,Car,Clear,Urban Road,2,4,Dawn,102
ACC0488,Aug-23,19:58,Muzaffarpur Bihar,Serious,Truck,Clear,National Highway,5,3,Dark,30
ACC0489,Oct-18,00:02,Bilaspur Chhattisgarh,Minor,Auto-Rickshaw,Stormy,National Highway,3,0,Dusk,112
ACC0490,Aug-20,04:35,Roorkee Uttarakhand,Minor,Bus,Clear,State Highway,10,1,Dawn,53
ACC0491,Feb-23,20:36,Jowai Meghalaya,Fatal,Pedestrian,Rainy,State Highway,2,3,Dawn,45
ACC0492,Apr-20,02:05,Nagpur Maharashtra,Serious,Pedestrian,Rainy,Village Road,0,4,Dark,106
ACC0493,May-21,08:14,Kochi Kerala,Serious,Two-Wheeler,Clear,State Highway,8,0,Dusk,76
ACC0494,Dec-23,22:10,Kochi Kerala,Minor,Cycle,Stormy,National Highway,2,4,Dusk,76
ACC0495,Dec-19,14:00,Dibrugarh Assam,Serious,Auto-Rickshaw,Foggy,Village Road,4,3,Dawn,81
ACC0496,Apr-22,05:08,Visakhapatnam Andhra Pradesh,Serious,Truck,Hazy,State Highway,8,3,Daylight,51
ACC0497,Jul-19,15:05,Pune Maharashtra,Serious,Truck,Rainy,National Highway,2,4,Dawn,32
ACC0498,Jan-23,21:28,Surat Gujarat,Minor,Two-Wheeler,Clear,State Highway,10,5,Daylight,91
ACC0499,Mar-23,17:37,Itanagar Arunachal Pradesh,Minor,Bus,Rainy,National Highway,0,2,Daylight,82
ACC0500,Mar-22,04:27,Aizawl Mizoram,Serious,Car,Rainy,Urban Road,7,4,Dusk,86
ACC0501,Mar-22,04:27,Surat Gujarat,Minor,Two-Wheeler,Stormy,Urban Road,4,1,Dawn,81
ACC0502,Aug-20,02:10,Tura Meghalaya,Minor,Two-Wheeler,Clear,Urban Road,6,5,Dawn,59
ACC0503,Apr-19,18:32,Siliguri West Bengal,Serious,Bus,Foggy,Village Road,8,1,Dawn,112
ACC0504,Jun-21,08:25,Roorkee Uttarakhand,Serious,Truck,Hazy,National Highway,0,4,Daylight,30
ACC0505,Nov-21,11:41,Surat Gujarat,Serious,Car,Stormy,National Highway,0,1,Dawn,109
ACC0506,Jul-23,01:28,Guwahati Assam,Minor,Bus,Stormy,Village Road,6,4,Dawn,84
ACC0507,Jun-19,03:23,Chandigarh Chandigarh,Serious,Bus,Rainy,Urban Road,6,4,Daylight,67
ACC0508,Aug-18,19:30,Cuttack Odisha,Fatal,Two-Wheeler,Rainy,National Highway,3,5,Daylight,59
ACC0509,Sep-20,21:06,Nizamabad Telangana,Fatal,Truck,Foggy,Village Road,5,0,Daylight,31
ACC0510,Oct-19,16:38,Jorhat Assam,Serious,Car,Rainy,Urban Road,0,5,Daylight,47
ACC0511,Jan-19,00:13,Chandigarh Chandigarh,Minor,Truck,Hazy,State Highway,5,1,Dusk,90
ACC0512,Oct-23,23:17,Puducherry Puducherry,Minor,Pedestrian,Rainy,State Highway,0,1,Dusk,87
ACC0513,Jan-22,01:01,Udaipur Rajasthan,Serious,Pedestrian,Hazy,Village Road,4,2,Dusk,86
ACC0514,Mar-21,20:36,Kanpur Uttar Pradesh,Fatal,Pedestrian,Stormy,National Highway,8,1,Daylight,97
ACC0515,Sep-22,08:35,Visakhapatnam Andhra Pradesh,Minor,Truck,Hazy,State Highway,7,3,Dusk,107
ACC0516,Dec-19,13:41,Pune Maharashtra,Fatal,Car,Foggy,State Highway,5,1,Dawn,32
ACC0517,Feb-22,12:37,Lucknow Uttar Pradesh,Serious,Truck,Foggy,State Highway,4,1,Dark,33
ACC0518,Jun-22,21:55,Shillong Meghalaya,Minor,Two-Wheeler,Hazy,State Highway,9,2,Dawn,75
ACC0519,Oct-21,22:17,Mandi Himachal Pradesh,Fatal,Cycle,Stormy,Village Road,6,3,Dark,42
ACC0520,Oct-18,15:45,Karaikal Puducherry,Fatal,Truck,Rainy,State Highway,6,2,Dark,72
ACC0521,Dec-23,00:45,Vasco da Gama Goa,Minor,Bus,Stormy,State Highway,2,3,Dawn,93
ACC0522,Jun-23,20:10,Mangan Sikkim,Serious,Truck,Foggy,Urban Road,10,5,Daylight,69
ACC0523,Nov-20,09:51,Solan Himachal Pradesh,Serious,Pedestrian,Hazy,Urban Road,0,0,Daylight,40
ACC0524,Nov-21,11:38,Siliguri West Bengal,Fatal,Auto-Rickshaw,Stormy,State Highway,5,0,Dawn,108
ACC0525,May-21,17:53,Surat Gujarat,Serious,Bus,Clear,National Highway,0,2,Daylight,106
ACC0526,Sep-18,11:46,Coimbatore Tamil Nadu,Serious,Auto-Rickshaw,Stormy,State Highway,7,3,Dark,106
ACC0527,Feb-23,18:37,Srinagar Jammu and Kashmir,Serious,Bus,Stormy,State Highway,9,3,Dark,58
ACC0528,Jun-23,07:57,Mangan Sikkim,Minor,Car,Clear,Village Road,2,2,Dusk,93
ACC0529,May-22,00:34,Nizamabad Telangana,Fatal,Bus,Stormy,State Highway,8,0,Dawn,49
ACC0530,May-20,05:28,Cuttack Odisha,Minor,Auto-Rickshaw,Rainy,State Highway,8,5,Dawn,83
ACC0531,Jul-19,01:37,Chandigarh Chandigarh,Fatal,Two-Wheeler,Rainy,Urban Road,1,0,Dusk,59
ACC0532,Oct-20,04:23,Bokaro Jharkhand,Serious,Bus,Foggy,National Highway,9,5,Dusk,108
ACC0533,Mar-19,04:31,Puri Odisha,Serious,Cycle,Rainy,State Highway,8,2,Daylight,50
ACC0534,Jun-18,01:02,Ludhiana Punjab,Fatal,Auto-Rickshaw,Foggy,Urban Road,6,4,Dark,36
ACC0535,Jan-22,02:08,Madurai Tamil Nadu,Fatal,Auto-Rickshaw,Clear,State Highway,2,2,Dawn,105
ACC0536,Sep-18,10:10,Ahmedabad Gujarat,Minor,Auto-Rickshaw,Stormy,Village Road,4,4,Dark,86
ACC0537,Sep-23,12:05,Margao Goa,Serious,Auto-Rickshaw,Rainy,Village Road,8,1,Dark,80
ACC0538,Apr-18,13:06,Dwarka Delhi,Serious,Pedestrian,Rainy,National Highway,7,5,Dark,114
ACC0539,Apr-22,05:29,Margao Goa,Serious,Truck,Clear,State Highway,10,1,Dusk,34
ACC0540,Oct-22,09:29,Dibrugarh Assam,Serious,Two-Wheeler,Clear,Urban Road,8,1,Daylight,67
ACC0541,Dec-18,01:56,Kochi Kerala,Serious,Cycle,Clear,Village Road,2,1,Dark,87
ACC0542,May-20,16:17,Jodhpur Rajasthan,Minor,Two-Wheeler,Foggy,National Highway,4,5,Daylight,75
ACC0543,Apr-19,13:37,Dibrugarh Assam,Fatal,Auto-Rickshaw,Clear,State Highway,3,3,Dusk,104
ACC0544,Mar-22,03:56,Bishnupur Manipur,Serious,Car,Stormy,Urban Road,4,4,Dark,49
ACC0545,Nov-23,02:57,Rourkela Odisha,Minor,Cycle,Clear,State Highway,0,1,Daylight,110
ACC0546,Apr-18,02:27,Dibrugarh Assam,Minor,Car,Foggy,Urban Road,8,0,Dark,36
ACC0547,Nov-18,03:33,Shillong Meghalaya,Serious,Car,Rainy,State Highway,8,5,Dusk,38
ACC0548,Mar-19,06:58,Muzaffarpur Bihar,Minor,Car,Clear,Village Road,4,2,Daylight,117
ACC0549,May-21,09:08,Siliguri West Bengal,Fatal,Bus,Stormy,Village Road,2,2,Dawn,65
ACC0550,Mar-23,02:32,Chennai Tamil Nadu,Minor,Two-Wheeler,Hazy,State Highway,5,4,Dark,58
ACC0551,Jun-18,18:41,Udaipur Rajasthan,Fatal,Auto-Rickshaw,Hazy,Urban Road,7,4,Dawn,94
ACC0552,Sep-18,12:26,Pune Maharashtra,Minor,Two-Wheeler,Clear,Urban Road,6,0,Dusk,107
ACC0553,Dec-18,21:11,Gurugram Haryana,Serious,Two-Wheeler,Foggy,National Highway,4,2,Dusk,42
ACC0554,Mar-23,19:11,Dimapur Nagaland,Serious,Truck,Clear,Urban Road,8,2,Daylight,45
ACC0555,Sep-18,00:18,Jaipur Rajasthan,Serious,Car,Rainy,State Highway,10,1,Dark,54
ACC0556,Dec-19,01:26,Chandigarh Chandigarh,Serious,Car,Clear,National Highway,5,2,Dusk,72
ACC0557,Sep-21,17:18,Karaikal Puducherry,Serious,Bus,Rainy,National Highway,9,2,Dawn,45
ACC0558,Mar-18,01:25,Gwalior Madhya Pradesh,Serious,Truck,Clear,State Highway,1,4,Dusk,103
ACC0559,Apr-23,21:45,Faridabad Haryana,Serious,Two-Wheeler,Clear,Urban Road,9,1,Dawn,110
ACC0560,Sep-20,23:37,Dwarka Delhi,Serious,Cycle,Stormy,National Highway,3,1,Daylight,102
ACC0561,Sep-19,12:12,Naharlagun Arunachal Pradesh,Fatal,Cycle,Foggy,National Highway,7,1,Dusk,95
ACC0562,Oct-18,16:54,Itanagar Arunachal Pradesh,Minor,Bus,Clear,Urban Road,4,3,Dark,46
ACC0563,Dec-20,14:23,Jowai Meghalaya,Serious,Bus,Clear,Urban Road,10,5,Dark,84
ACC0564,Feb-23,10:19,Pasighat Arunachal Pradesh,Serious,Car,Rainy,State Highway,8,3,Dawn,85
ACC0565,Dec-18,03:06,Roorkee Uttarakhand,Minor,Two-Wheeler,Rainy,Village Road,1,0,Dark,84
ACC0566,Sep-21,00:41,Jamshedpur Jharkhand,Fatal,Bus,Rainy,National Highway,7,3,Dawn,49
ACC0567,Nov-23,04:25,Lunglei Mizoram,Serious,Truck,Stormy,State Highway,2,3,Dawn,106
ACC0568,Mar-21,17:45,Bishnupur Manipur,Minor,Pedestrian,Stormy,Urban Road,9,3,Daylight,62
ACC0569,Jun-18,06:22,Tura Meghalaya,Fatal,Cycle,Clear,National Highway,10,2,Dark,62
ACC0570,Jan-23,22:07,Coimbatore Tamil Nadu,Serious,Auto-Rickshaw,Clear,Village Road,9,3,Dawn,119
ACC0571,Jan-22,22:41,Jalandhar Punjab,Fatal,Pedestrian,Rainy,National Highway,10,3,Dark,114
ACC0572,Dec-19,09:38,Dharamshala Himachal Pradesh,Minor,Auto-Rickshaw,Hazy,Urban Road,6,3,Daylight,59
ACC0573,Aug-20,03:11,Ranchi Jharkhand,Fatal,Car,Foggy,Village Road,10,2,Dusk,120
ACC0574,Oct-20,21:45,Ahmedabad Gujarat,Serious,Bus,Foggy,State Highway,2,0,Daylight,94
ACC0575,Apr-23,22:30,Pasighat Arunachal Pradesh,Serious,Pedestrian,Hazy,Village Road,5,4,Daylight,46
ACC0576,Apr-23,02:02,Thiruvananthapuram Kerala,Serious,Truck,Hazy,National Highway,4,3,Dusk,60
ACC0577,Apr-23,08:52,Madurai Tamil Nadu,Minor,Auto-Rickshaw,Rainy,Urban Road,9,2,Dawn,77
ACC0578,Jun-22,02:08,Jamshedpur Jharkhand,Fatal,Truck,Stormy,Urban Road,9,5,Daylight,116
ACC0579,Nov-22,14:39,Jowai Meghalaya,Serious,Pedestrian,Rainy,National Highway,8,4,Dawn,66
ACC0580,Jan-20,18:36,Silchar Assam,Minor,Bus,Foggy,National Highway,6,4,Dawn,62
ACC0581,Feb-20,03:26,Mumbai Maharashtra,Minor,Two-Wheeler,Stormy,Village Road,0,5,Dark,43
ACC0582,Dec-23,02:16,Mangalore Karnataka,Minor,Truck,Rainy,Urban Road,0,4,Dawn,60
ACC0583,May-20,19:55,Lucknow Uttar Pradesh,Minor,Pedestrian,Hazy,National Highway,8,2,Dawn,93
ACC0584,Apr-18,15:19,Faridabad Haryana,Fatal,Auto-Rickshaw,Hazy,State Highway,2,4,Dusk,79
ACC0585,Jan-18,09:12,Karimnagar Telangana,Fatal,Cycle,Rainy,National Highway,6,3,Dusk,43
ACC0586,Jun-22,02:12,Warangal Telangana,Serious,Cycle,Foggy,National Highway,9,4,Dawn,103
ACC0587,May-20,09:22,Mangan Sikkim,Minor,Two-Wheeler,Rainy,State Highway,1,3,Dark,77
ACC0588,Apr-21,04:56,Kolkata West Bengal,Minor,Bus,Rainy,Village Road,7,1,Dark,45
ACC0589,Sep-23,04:13,Jorhat Assam,Minor,Car,Foggy,Urban Road,4,2,Dark,44
ACC0590,Nov-20,00:37,Dimapur Nagaland,Minor,Pedestrian,Foggy,Urban Road,5,4,Dawn,106
ACC0591,Feb-18,09:57,Solan Himachal Pradesh,Serious,Auto-Rickshaw,Foggy,Urban Road,8,0,Dawn,51
ACC0592,Aug-22,11:28,Madurai Tamil Nadu,Serious,Two-Wheeler,Hazy,State Highway,8,1,Daylight,119
ACC0593,Aug-19,22:38,Dimapur Nagaland,Fatal,Two-Wheeler,Hazy,Urban Road,2,2,Dark,32
ACC0594,Jun-18,03:36,Vasco da Gama Goa,Fatal,Cycle,Rainy,State Highway,9,1,Dark,98
ACC0595,Aug-22,00:42,Jodhpur Rajasthan,Serious,Truck,Stormy,Village Road,6,4,Dusk,115
ACC0596,Nov-22,10:37,Surat Gujarat,Serious,Bus,Stormy,State Highway,6,0,Dusk,54
ACC0597,May-18,06:42,Cuttack Odisha,Minor,Truck,Stormy,National Highway,9,4,Dawn,75
ACC0598,Dec-20,15:14,Itanagar Arunachal Pradesh,Serious,Car,Hazy,Urban Road,0,4,Dark,98
ACC0599,May-19,11:10,Dharamshala Himachal Pradesh,Fatal,Two-Wheeler,Stormy,Urban Road,2,0,Dark,118
ACC0600,Jan-23,01:18,Srinagar Jammu and Kashmir,Minor,Two-Wheeler,Stormy,State Highway,8,2,Dark,32
ACC0601,May-22,10:42,Bhopal Madhya Pradesh,Serious,Car,Hazy,National Highway,8,2,Daylight,69
ACC0602,Feb-18,11:02,Rourkela Odisha,Minor,Car,Rainy,State Highway,0,2,Daylight,105
ACC0603,May-22,00:39,Madurai Tamil Nadu,Minor,Two-Wheeler,Foggy,Village Road,1,4,Dark,46
ACC0604,Jun-23,07:24,Vasco da Gama Goa,Serious,Truck,Stormy,National Highway,2,5,Dark,111
ACC0605,Feb-20,13:39,Dwarka Delhi,Serious,Truck,Foggy,Village Road,0,0,Daylight,60
ACC0606,Jun-19,16:44,Vasco da Gama Goa,Fatal,Two-Wheeler,Clear,Village Road,0,1,Dusk,47
ACC0607,Feb-23,01:06,Aizawl Mizoram,Minor,Auto-Rickshaw,Foggy,State Highway,5,5,Dark,65
ACC0608,Oct-20,00:43,Faridabad Haryana,Minor,Pedestrian,Rainy,State Highway,7,5,Daylight,87
ACC0609,Sep-22,21:31,Kanpur Uttar Pradesh,Fatal,Two-Wheeler,Hazy,State Highway,4,0,Dawn,114
ACC0610,Jul-18,00:52,Puducherry Puducherry,Fatal,Auto-Rickshaw,Clear,Village Road,8,0,Dark,31
ACC0611,Aug-19,17:49,Champhai Mizoram,Serious,Auto-Rickshaw,Rainy,State Highway,7,3,Dusk,118
ACC0612,Nov-19,05:07,Itanagar Arunachal Pradesh,Minor,Truck,Hazy,National Highway,9,5,Dawn,34
ACC0613,May-21,11:36,Raipur Chhattisgarh,Fatal,Auto-Rickshaw,Clear,National Highway,8,4,Dark,41
ACC0614,Sep-20,10:24,Champhai Mizoram,Serious,Truck,Foggy,Village Road,0,0,Dark,110
ACC0615,Apr-21,08:34,Dwarka Delhi,Fatal,Pedestrian,Stormy,Urban Road,10,3,Dawn,100
ACC0616,Jul-22,04:53,Namchi Sikkim,Minor,Car,Rainy,State Highway,8,1,Daylight,48
ACC0617,Mar-22,11:05,Ahmedabad Gujarat,Fatal,Car,Foggy,Village Road,10,5,Dark,30
ACC0618,Jun-23,19:53,Aizawl Mizoram,Fatal,Pedestrian,Stormy,Village Road,8,0,Dawn,78
ACC0619,Feb-22,18:39,Haldwani Uttarakhand,Serious,Pedestrian,Hazy,Urban Road,5,1,Dusk,74
ACC0620,May-21,08:36,Haldwani Uttarakhand,Serious,Car,Stormy,State Highway,9,3,Daylight,41
ACC0621,Dec-21,21:47,Champhai Mizoram,Minor,Truck,Clear,Village Road,4,4,Dusk,75
ACC0622,Nov-18,00:05,Gaya Bihar,Minor,Auto-Rickshaw,Hazy,State Highway,5,0,Dark,81
ACC0623,Sep-21,12:58,Namchi Sikkim,Fatal,Auto-Rickshaw,Stormy,Urban Road,9,3,Dawn,89
ACC0624,Dec-18,08:12,Jorhat Assam,Serious,Two-Wheeler,Stormy,Village Road,4,2,Dawn,46
ACC0625,Nov-22,21:01,Aizawl Mizoram,Fatal,Bus,Stormy,State Highway,6,1,Dusk,104
ACC0626,Nov-23,00:29,Puducherry Puducherry,Serious,Truck,Rainy,Urban Road,1,1,Dusk,92
ACC0627,Jul-21,22:43,Naharlagun Arunachal Pradesh,Fatal,Cycle,Rainy,State Highway,3,5,Daylight,40
ACC0628,Jan-18,12:47,Jodhpur Rajasthan,Fatal,Cycle,Hazy,State Highway,0,2,Dark,89
ACC0629,May-19,13:55,Karimnagar Telangana,Minor,Auto-Rickshaw,Stormy,Urban Road,1,2,Daylight,31
ACC0630,Apr-19,18:07,Tirupati Andhra Pradesh,Serious,Car,Hazy,Village Road,10,5,Dawn,37
ACC0631,Jan-19,08:49,Bokaro Jharkhand,Serious,Two-Wheeler,Stormy,Village Road,5,4,Dusk,63
ACC0632,Nov-18,17:09,Vadodara Gujarat,Minor,Two-Wheeler,Clear,Village Road,0,3,Dark,88
ACC0633,Oct-18,10:57,Durgapur West Bengal,Fatal,Bus,Foggy,State Highway,4,4,Dark,114
ACC0634,Jul-21,03:55,Vijayawada Andhra Pradesh,Fatal,Car,Stormy,Village Road,0,4,Dark,113
ACC0635,Mar-18,03:33,Gyalshing Sikkim,Fatal,Car,Foggy,State Highway,4,0,Daylight,83
ACC0636,Dec-20,16:35,Shillong Meghalaya,Minor,Two-Wheeler,Hazy,State Highway,2,5,Dawn,57
ACC0637,May-18,02:14,Tirupati Andhra Pradesh,Fatal,Cycle,Hazy,National Highway,5,0,Dawn,89
ACC0638,Sep-21,18:56,Visakhapatnam Andhra Pradesh,Fatal,Truck,Rainy,State Highway,8,2,Dawn,67
ACC0639,Oct-22,15:25,Hyderabad Telangana,Minor,Two-Wheeler,Clear,National Highway,10,0,Daylight,45
ACC0640,May-23,04:24,Chandigarh Chandigarh,Serious,Car,Stormy,National Highway,0,3,Dawn,67
ACC0641,Nov-23,08:07,Mysore Karnataka,Serious,Truck,Hazy,Village Road,3,3,Daylight,37
ACC0642,Jun-20,04:01,Varanasi Uttar Pradesh,Fatal,Truck,Stormy,Urban Road,10,3,Dusk,35
ACC0643,May-18,14:33,Aizawl Mizoram,Serious,Truck,Hazy,Urban Road,4,4,Dusk,105
ACC0644,Oct-21,18:15,Gyalshing Sikkim,Serious,Cycle,Stormy,National Highway,5,4,Dawn,36
ACC0645,Aug-21,04:08,Mokokchung Nagaland,Serious,Truck,Hazy,Village Road,6,5,Dark,93
ACC0646,Dec-18,12:31,Patiala Punjab,Minor,Two-Wheeler,Hazy,State Highway,4,4,Dawn,99
ACC0647,Apr-22,16:29,Tura Meghalaya,Minor,Car,Clear,State Highway,7,2,Dawn,61
ACC0648,Oct-22,20:53,Itanagar Arunachal Pradesh,Serious,Cycle,Foggy,State Highway,1,4,Dark,75
ACC0649,Nov-23,09:17,Jaipur Rajasthan,Minor,Car,Stormy,Village Road,1,0,Dusk,89
ACC0650,Aug-19,10:55,Solan Himachal Pradesh,Serious,Cycle,Stormy,State Highway,5,3,Dusk,65
ACC0651,Jan-23,12:32,Dhanbad Jharkhand,Fatal,Bus,Foggy,State Highway,9,5,Dawn,106
ACC0652,Jul-21,15:19,Jammu Jammu and Kashmir,Fatal,Cycle,Rainy,Village Road,2,2,Dark,93
ACC0653,Jun-23,14:23,Karaikal Puducherry,Minor,Truck,Rainy,Village Road,1,1,Dusk,75
ACC0654,Jul-19,17:40,Mysore Karnataka,Minor,Cycle,Clear,National Highway,7,0,Dusk,47
ACC0655,Dec-18,01:19,Muzaffarpur Bihar,Serious,Pedestrian,Hazy,Urban Road,10,4,Dark,79
ACC0656,Sep-22,14:06,Vasco da Gama Goa,Fatal,Pedestrian,Clear,Village Road,8,0,Dusk,84
ACC0657,Mar-23,14:30,Hyderabad Telangana,Minor,Bus,Clear,Urban Road,0,0,Dusk,108
ACC0658,Nov-23,11:56,Lucknow Uttar Pradesh,Serious,Truck,Clear,Urban Road,1,0,Daylight,66
ACC0659,Aug-20,14:56,Chandigarh Chandigarh,Minor,Truck,Clear,Urban Road,7,5,Dark,94
ACC0660,Feb-20,22:38,Bokaro Jharkhand,Fatal,Pedestrian,Hazy,National Highway,4,1,Daylight,110
ACC0661,Feb-22,08:02,Imphal Manipur,Fatal,Car,Rainy,National Highway,10,3,Dawn,104
ACC0662,Aug-21,04:25,Haridwar Uttarakhand,Serious,Two-Wheeler,Stormy,Village Road,8,3,Dusk,116
ACC0663,Jul-23,21:28,Solan Himachal Pradesh,Minor,Cycle,Hazy,Urban Road,1,4,Dawn,35
ACC0664,Dec-21,17:05,Itanagar Arunachal Pradesh,Serious,Auto-Rickshaw,Hazy,Village Road,9,2,Daylight,61
ACC0665,Jul-19,13:12,Jamshedpur Jharkhand,Fatal,Pedestrian,Clear,National Highway,3,0,Dark,62
ACC0666,Apr-23,20:45,Indore Madhya Pradesh,Serious,Truck,Rainy,Village Road,9,1,Dusk,90
ACC0667,Jul-22,13:50,Jalandhar Punjab,Minor,Auto-Rickshaw,Rainy,Village Road,5,5,Dusk,73
ACC0668,Nov-23,21:56,Bilaspur Chhattisgarh,Fatal,Bus,Stormy,National Highway,3,5,Daylight,75
ACC0669,Feb-22,15:38,Jabalpur Madhya Pradesh,Serious,Bus,Hazy,National Highway,10,4,Dawn,120
ACC0670,Jul-21,11:17,Karaikal Puducherry,Fatal,Truck,Foggy,Village Road,8,0,Dusk,69
ACC0671,Feb-21,19:49,Namchi Sikkim,Minor,Auto-Rickshaw,Hazy,Village Road,6,4,Daylight,51
ACC0672,Jun-20,09:33,Chandigarh Chandigarh,Minor,Two-Wheeler,Hazy,State Highway,1,3,Daylight,33
ACC0673,Aug-20,04:33,Gyalshing Sikkim,Serious,Auto-Rickshaw,Clear,National Highway,9,1,Dusk,51
ACC0674,Nov-22,17:15,Panipat Haryana,Serious,Cycle,Rainy,State Highway,2,4,Daylight,56
ACC0675,Jun-21,20:32,Dharamshala Himachal Pradesh,Minor,Auto-Rickshaw,Rainy,Village Road,1,0,Dusk,54
ACC0676,May-23,05:18,Lucknow Uttar Pradesh,Serious,Pedestrian,Clear,State Highway,0,2,Dark,89
ACC0677,Nov-18,09:58,Dibrugarh Assam,Serious,Car,Foggy,State Highway,8,0,Dusk,102
ACC0678,Mar-20,11:36,Rourkela Odisha,Minor,Pedestrian,Clear,Village Road,1,2,Dawn,110
ACC0679,Apr-22,03:05,Puducherry Puducherry,Minor,Car,Foggy,Village Road,5,3,Dark,116
ACC0680,Feb-20,02:54,Mangalore Karnataka,Serious,Cycle,Hazy,Urban Road,2,2,Dawn,60
ACC0681,Jan-22,13:46,Ahmedabad Gujarat,Fatal,Two-Wheeler,Foggy,Urban Road,8,5,Dark,100
ACC0682,Apr-22,15:32,Karaikal Puducherry,Minor,Two-Wheeler,Rainy,State Highway,0,3,Dawn,118
ACC0683,Mar-20,06:39,Namchi Sikkim,Minor,Pedestrian,Stormy,State Highway,4,1,Daylight,43
ACC0684,Aug-21,16:25,Coimbatore Tamil Nadu,Fatal,Cycle,Clear,National Highway,1,1,Dawn,40
ACC0685,Jan-21,23:08,Chandigarh Chandigarh,Serious,Auto-Rickshaw,Stormy,National Highway,5,3,Dusk,62
ACC0686,Aug-21,08:52,Mokokchung Nagaland,Minor,Bus,Rainy,Urban Road,0,3,Dark,32
ACC0687,Sep-21,20:38,Haldwani Uttarakhand,Minor,Car,Stormy,Urban Road,10,1,Dark,111
ACC0688,May-22,21:29,Chandigarh Chandigarh,Minor,Pedestrian,Hazy,Urban Road,8,4,Daylight,51
ACC0689,Jan-21,23:27,Srinagar Jammu and Kashmir,Serious,Auto-Rickshaw,Foggy,National Highway,1,4,Dawn,40
ACC0690,May-22,06:51,Tirupati Andhra Pradesh,Fatal,Cycle,Hazy,Village Road,0,2,Dusk,84
ACC0691,Apr-22,14:43,Bhopal Madhya Pradesh,Serious,Car,Clear,Village Road,1,1,Dawn,49
ACC0692,Jun-18,02:57,Chandigarh Chandigarh,Serious,Bus,Stormy,State Highway,5,5,Dark,60
ACC0693,Feb-20,23:57,Varanasi Uttar Pradesh,Fatal,Truck,Foggy,Village Road,3,5,Dawn,70
ACC0694,Sep-21,14:41,Durgapur West Bengal,Fatal,Pedestrian,Stormy,National Highway,3,5,Dusk,41
ACC0695,May-23,03:14,Bhilai Chhattisgarh,Serious,Car,Clear,State Highway,3,0,Daylight,47
ACC0696,Jan-21,04:32,Siliguri West Bengal,Fatal,Car,Rainy,Village Road,10,3,Daylight,106
ACC0697,Jan-21,01:38,Rohini Delhi,Fatal,Cycle,Stormy,State Highway,8,3,Dark,77
ACC0698,Jun-19,18:24,Ahmedabad Gujarat,Serious,Truck,Rainy,National Highway,10,3,Daylight,66
ACC0699,Jan-22,10:48,Margao Goa,Serious,Bus,Rainy,Urban Road,1,2,Dusk,90
ACC0700,Dec-18,04:38,Vasco da Gama Goa,Minor,Truck,Hazy,Urban Road,1,0,Daylight,67
ACC0701,Nov-19,13:02,Dibrugarh Assam,Serious,Cycle,Hazy,National Highway,5,3,Dusk,65
ACC0702,May-22,09:03,Amritsar Punjab,Fatal,Bus,Foggy,National Highway,6,3,Daylight,53
ACC0703,Sep-20,03:54,Rourkela Odisha,Minor,Pedestrian,Hazy,Urban Road,0,4,Dusk,69
ACC0704,Aug-23,02:55,Roorkee Uttarakhand,Fatal,Cycle,Foggy,Urban Road,8,5,Dawn,84
ACC0705,Nov-22,14:12,Jabalpur Madhya Pradesh,Serious,Bus,Rainy,State Highway,1,0,Dawn,41
ACC0706,Jun-23,16:49,Mysore Karnataka,Minor,Truck,Stormy,Village Road,8,0,Dusk,48
ACC0707,Jul-19,15:48,Karimnagar Telangana,Serious,Two-Wheeler,Stormy,National Highway,7,3,Daylight,109
ACC0708,May-22,01:45,Patna Bihar,Minor,Car,Stormy,Village Road,1,5,Dark,72
ACC0709,Jul-22,16:40,Bhilai Chhattisgarh,Serious,Truck,Hazy,National Highway,4,2,Daylight,94
ACC0710,Sep-20,04:30,Jodhpur Rajasthan,Serious,Cycle,Stormy,Village Road,0,2,Dawn,50
ACC0711,Oct-20,03:32,Panaji Goa,Fatal,Bus,Rainy,Village Road,9,4,Daylight,35
ACC0712,Oct-18,16:43,Bokaro Jharkhand,Serious,Two-Wheeler,Clear,Urban Road,8,4,Dawn,39
ACC0713,Nov-18,05:23,Karaikal Puducherry,Fatal,Truck,Stormy,State Highway,9,2,Daylight,106
ACC0714,Jun-23,18:51,Thrissur Kerala,Minor,Auto-Rickshaw,Clear,Village Road,5,1,Dawn,113
ACC0715,Mar-20,11:04,Gaya Bihar,Serious,Auto-Rickshaw,Hazy,National Highway,3,2,Daylight,64
ACC0716,Oct-19,09:19,Bhubaneswar Odisha,Serious,Auto-Rickshaw,Foggy,National Highway,7,4,Daylight,108
ACC0717,Dec-18,08:53,Mokokchung Nagaland,Fatal,Auto-Rickshaw,Hazy,Village Road,10,4,Daylight,94
ACC0718,Apr-21,20:35,Tirupati Andhra Pradesh,Minor,Two-Wheeler,Clear,State Highway,6,4,Dusk,115
ACC0719,Mar-23,02:21,Kohima Nagaland,Fatal,Car,Hazy,National Highway,2,4,Daylight,31
ACC0720,Mar-22,06:32,Coimbatore Tamil Nadu,Serious,Auto-Rickshaw,Hazy,National Highway,2,3,Dusk,80
ACC0721,Mar-18,06:07,Korba Chhattisgarh,Fatal,Auto-Rickshaw,Stormy,Village Road,10,0,Dawn,96
ACC0722,Mar-19,07:27,Dharmanagar Tripura,Minor,Two-Wheeler,Rainy,Urban Road,4,0,Daylight,71
ACC0723,Jun-19,08:34,Pune Maharashtra,Serious,Cycle,Rainy,Urban Road,3,1,Daylight,91
ACC0724,Feb-20,10:07,Mangalore Karnataka,Serious,Bus,Foggy,National Highway,2,0,Dusk,55
ACC0725,May-21,20:27,Vijayawada Andhra Pradesh,Minor,Auto-Rickshaw,Foggy,National Highway,5,4,Dusk,85
ACC0726,Jan-20,05:22,Patna Bihar,Minor,Bus,Clear,Urban Road,7,0,Daylight,62
ACC0727,May-22,05:22,Chandigarh Chandigarh,Minor,Auto-Rickshaw,Rainy,Urban Road,3,3,Daylight,83
ACC0728,Jan-18,19:20,Guwahati Assam,Serious,Two-Wheeler,Hazy,Urban Road,9,4,Dusk,31
ACC0729,Jun-21,09:35,Haridwar Uttarakhand,Minor,Two-Wheeler,Clear,Village Road,3,0,Dusk,119
ACC0730,Oct-22,10:04,Ludhiana Punjab,Minor,Bus,Hazy,National Highway,1,0,Dusk,55
ACC0731,Jul-20,14:45,Cuttack Odisha,Serious,Two-Wheeler,Hazy,Village Road,3,5,Dusk,67
ACC0732,Sep-23,06:46,Dehradun Uttarakhand,Fatal,Pedestrian,Rainy,Urban Road,6,0,Daylight,105
ACC0733,Jun-19,12:25,Jaipur Rajasthan,Minor,Car,Rainy,National Highway,7,0,Dusk,99
ACC0734,Mar-22,15:39,Surat Gujarat,Fatal,Cycle,Rainy,Village Road,9,3,Dusk,48
ACC0735,Aug-21,16:45,Mysore Karnataka,Fatal,Two-Wheeler,Foggy,State Highway,6,4,Daylight,96
ACC0736,Nov-21,11:33,Mangan Sikkim,Fatal,Pedestrian,Rainy,Urban Road,5,1,Daylight,103
ACC0737,Mar-19,17:16,Ranchi Jharkhand,Serious,Pedestrian,Stormy,Village Road,9,3,Daylight,55
ACC0738,Apr-20,17:47,Champhai Mizoram,Fatal,Bus,Foggy,National Highway,8,3,Dusk,68
ACC0739,Sep-18,13:50,Korba Chhattisgarh,Serious,Pedestrian,Foggy,National Highway,1,0,Dark,66
ACC0740,Nov-21,08:11,Bhopal Madhya Pradesh,Fatal,Bus,Clear,Village Road,7,1,Dawn,70
ACC0741,Dec-21,11:11,Kolkata West Bengal,Serious,Two-Wheeler,Foggy,National Highway,3,3,Daylight,102
ACC0742,Nov-21,01:57,Shimla Himachal Pradesh,Minor,Two-Wheeler,Stormy,Urban Road,1,3,Dark,107
ACC0743,Dec-21,00:51,Kozhikode Kerala,Fatal,Two-Wheeler,Hazy,State Highway,4,4,Daylight,87
ACC0744,May-21,05:02,Patna Bihar,Fatal,Car,Foggy,Urban Road,9,2,Dawn,90
ACC0745,Dec-21,15:44,Chandigarh Chandigarh,Serious,Two-Wheeler,Foggy,State Highway,1,0,Dawn,58
ACC0746,Mar-20,13:11,Agartala Tripura,Serious,Auto-Rickshaw,Clear,State Highway,6,5,Dark,95
ACC0747,Mar-20,05:10,Thiruvananthapuram Kerala,Fatal,Car,Clear,Village Road,5,5,Dusk,58
ACC0748,Apr-23,08:20,Indore Madhya Pradesh,Serious,Cycle,Foggy,Urban Road,10,1,Dusk,98
ACC0749,Apr-22,16:22,New Delhi Delhi,Fatal,Cycle,Stormy,National Highway,2,2,Dark,80
ACC0750,Mar-21,20:13,Dharamshala Himachal Pradesh,Minor,Truck,Rainy,Village Road,9,3,Dark,96
ACC0751,Dec-23,11:07,Dimapur Nagaland,Fatal,Two-Wheeler,Rainy,State Highway,4,4,Dark,39
ACC0752,Apr-18,04:23,Siliguri West Bengal,Minor,Pedestrian,Foggy,National Highway,0,5,Dark,51
ACC0753,Jan-20,11:42,Agartala Tripura,Serious,Bus,Rainy,Village Road,2,5,Dusk,46
ACC0754,Oct-19,00:06,Lunglei Mizoram,Fatal,Truck,Clear,National Highway,3,0,Dusk,75
ACC0755,Jan-20,04:39,Tura Meghalaya,Fatal,Two-Wheeler,Clear,Urban Road,8,0,Dusk,68
ACC0756,Feb-18,01:52,Champhai Mizoram,Minor,Car,Rainy,State Highway,9,5,Dawn,107
ACC0757,Sep-22,01:27,Champhai Mizoram,Serious,Two-Wheeler,Stormy,Village Road,1,0,Daylight,80
ACC0758,Apr-22,22:16,Gangtok Sikkim,Minor,Bus,Foggy,Urban Road,9,4,Daylight,115
ACC0759,Mar-21,17:57,Amritsar Punjab,Serious,Truck,Hazy,State Highway,2,0,Dusk,44
ACC0760,Feb-18,06:48,Ranchi Jharkhand,Minor,Truck,Hazy,National Highway,5,0,Dusk,67
ACC0761,May-19,21:59,Chandigarh Chandigarh,Serious,Truck,Clear,Village Road,5,5,Daylight,97
ACC0762,Dec-19,16:18,Karaikal Puducherry,Serious,Bus,Hazy,Urban Road,6,5,Dawn,79
ACC0763,Oct-20,03:43,Kolkata West Bengal,Minor,Car,Hazy,State Highway,10,4,Dark,63
ACC0764,Jan-22,07:41,Patiala Punjab,Fatal,Two-Wheeler,Foggy,Urban Road,9,2,Dark,84
ACC0765,Apr-22,03:40,Rourkela Odisha,Serious,Bus,Foggy,National Highway,1,3,Dusk,43
ACC0766,Jul-23,16:57,Hyderabad Telangana,Fatal,Car,Hazy,State Highway,9,4,Dusk,39
ACC0767,Jan-20,08:47,Solan Himachal Pradesh,Fatal,Cycle,Clear,Village Road,4,4,Dark,35
ACC0768,Oct-19,22:10,Ludhiana Punjab,Minor,Truck,Rainy,State Highway,2,3,Daylight,32
ACC0769,Jun-18,09:44,Naharlagun Arunachal Pradesh,Minor,Truck,Hazy,Village Road,9,1,Dusk,95
ACC0770,Sep-19,11:47,Aizawl Mizoram,Minor,Two-Wheeler,Stormy,National Highway,4,2,Dark,82
ACC0771,Jan-18,23:21,Hyderabad Telangana,Minor,Cycle,Stormy,Urban Road,6,5,Dusk,101
ACC0772,Apr-23,23:55,Jammu Jammu and Kashmir,Serious,Pedestrian,Foggy,Urban Road,8,5,Daylight,51
ACC0773,Feb-21,05:46,Dibrugarh Assam,Serious,Two-Wheeler,Stormy,National Highway,0,3,Dusk,88
ACC0774,Feb-22,20:21,Durg Chhattisgarh,Serious,Two-Wheeler,Stormy,National Highway,8,0,Dark,107
ACC0775,Apr-21,05:56,Vadodara Gujarat,Serious,Bus,Rainy,Village Road,7,3,Dark,33
ACC0776,Jan-21,08:34,Chandigarh Chandigarh,Minor,Two-Wheeler,Stormy,Village Road,4,2,Dusk,120
ACC0777,Feb-21,08:00,Mysore Karnataka,Minor,Car,Stormy,Village Road,7,0,Dusk,72
ACC0778,Jan-18,23:43,Vadodara Gujarat,Fatal,Bus,Hazy,Urban Road,4,3,Dawn,92
ACC0779,Dec-20,08:14,Ambala Haryana,Serious,Auto-Rickshaw,Stormy,Urban Road,8,4,Daylight,63
ACC0780,May-21,18:55,Dwarka Delhi,Serious,Truck,Hazy,Village Road,8,2,Dusk,66
ACC0781,Dec-21,15:01,Jabalpur Madhya Pradesh,Fatal,Auto-Rickshaw,Rainy,Urban Road,9,3,Dusk,69
ACC0782,Dec-21,15:07,Vasco da Gama Goa,Minor,Pedestrian,Stormy,Village Road,5,3,Dark,59
ACC0783,Jan-19,02:34,Bishnupur Manipur,Serious,Pedestrian,Foggy,Village Road,6,0,Daylight,30
ACC0784,Jun-18,14:45,Jamshedpur Jharkhand,Minor,Auto-Rickshaw,Clear,State Highway,8,1,Daylight,35
ACC0785,Oct-18,14:17,Tura Meghalaya,Minor,Pedestrian,Rainy,State Highway,9,1,Dark,57
ACC0786,Mar-22,13:41,Namchi Sikkim,Minor,Car,Rainy,State Highway,9,1,Dawn,53
ACC0787,Aug-20,01:50,New Delhi Delhi,Fatal,Cycle,Foggy,Village Road,2,2,Dusk,96
ACC0788,May-21,18:24,Kolkata West Bengal,Fatal,Two-Wheeler,Clear,State Highway,1,4,Dawn,38
ACC0789,Dec-21,17:36,Gangtok Sikkim,Minor,Truck,Rainy,State Highway,2,4,Dark,84
ACC0790,Jul-22,20:52,Durgapur West Bengal,Minor,Bus,Hazy,Village Road,0,4,Dark,53
ACC0791,May-21,16:04,Bilaspur Chhattisgarh,Serious,Cycle,Foggy,National Highway,5,1,Daylight,45
ACC0792,Aug-23,06:12,Shimla Himachal Pradesh,Minor,Two-Wheeler,Foggy,National Highway,2,3,Daylight,49
ACC0793,Dec-21,16:30,Dehradun Uttarakhand,Fatal,Pedestrian,Hazy,Urban Road,7,1,Daylight,102
ACC0794,Oct-18,01:09,New Delhi Delhi,Serious,Cycle,Hazy,State Highway,4,4,Dusk,111
ACC0795,Dec-20,10:20,Madurai Tamil Nadu,Serious,Two-Wheeler,Stormy,Urban Road,10,2,Dark,90
ACC0796,Jan-22,17:03,Mangan Sikkim,Serious,Pedestrian,Hazy,State Highway,9,5,Dark,90
ACC0797,Jul-22,18:02,Gyalshing Sikkim,Serious,Truck,Clear,Urban Road,8,1,Dark,78
ACC0798,Apr-21,01:39,Pune Maharashtra,Fatal,Cycle,Hazy,National Highway,10,1,Dawn,112
ACC0799,Jun-18,11:11,Panaji Goa,Minor,Pedestrian,Stormy,Urban Road,4,2,Dark,46
ACC0800,Aug-23,18:08,Tirupati Andhra Pradesh,Serious,Bus,Stormy,Village Road,1,1,Dawn,45
ACC0801,Jul-22,19:23,Puducherry Puducherry,Minor,Truck,Foggy,Village Road,9,0,Dawn,78
ACC0802,Mar-20,19:29,Tura Meghalaya,Serious,Two-Wheeler,Foggy,State Highway,10,2,Dark,119
ACC0803,Nov-23,00:07,Nizamabad Telangana,Serious,Pedestrian,Rainy,Urban Road,6,3,Dusk,37
ACC0804,Jun-20,21:55,Madurai Tamil Nadu,Serious,Truck,Foggy,Urban Road,3,1,Daylight,58
ACC0805,Jul-20,23:44,Champhai Mizoram,Serious,Cycle,Rainy,State Highway,7,4,Dark,109
ACC0806,Dec-18,00:27,Visakhapatnam Andhra Pradesh,Minor,Auto-Rickshaw,Foggy,Village Road,1,5,Dark,86
ACC0807,Jul-23,08:58,Varanasi Uttar Pradesh,Minor,Pedestrian,Foggy,Urban Road,1,3,Dawn,30
ACC0808,Apr-18,09:55,Chandigarh Chandigarh,Minor,Pedestrian,Foggy,Urban Road,9,2,Daylight,81
ACC0809,Feb-23,16:59,Lunglei Mizoram,Minor,Bus,Foggy,Urban Road,2,2,Dusk,56
ACC0810,Sep-22,08:08,Cuttack Odisha,Fatal,Car,Rainy,Urban Road,6,3,Daylight,53
ACC0811,Dec-18,18:00,Warangal Telangana,Minor,Bus,Clear,State Highway,8,2,Daylight,114
ACC0812,Oct-21,13:08,Bangalore Karnataka,Minor,Pedestrian,Stormy,Urban Road,2,3,Dawn,97
ACC0813,Jan-22,16:40,Korba Chhattisgarh,Serious,Car,Hazy,Village Road,8,2,Dawn,109
ACC0814,Jul-23,07:11,Thrissur Kerala,Serious,Cycle,Rainy,National Highway,2,0,Dawn,96
ACC0815,Aug-18,11:19,Indore Madhya Pradesh,Minor,Cycle,Hazy,Urban Road,0,4,Daylight,46
ACC0816,May-18,19:26,Rohini Delhi,Serious,Bus,Rainy,State Highway,0,1,Daylight,30
ACC0817,Feb-23,23:48,Karaikal Puducherry,Minor,Two-Wheeler,Stormy,Village Road,6,5,Dusk,55
ACC0818,Apr-21,21:09,Vadodara Gujarat,Fatal,Cycle,Stormy,Urban Road,3,1,Daylight,47
ACC0819,Oct-21,05:12,Dwarka Delhi,Serious,Two-Wheeler,Foggy,Village Road,8,4,Daylight,72
ACC0820,Mar-22,07:43,Siliguri West Bengal,Minor,Pedestrian,Rainy,Village Road,6,0,Dark,41
ACC0821,Apr-20,07:27,Kolkata West Bengal,Minor,Two-Wheeler,Hazy,National Highway,8,0,Dark,77
ACC0822,Dec-23,01:50,Gaya Bihar,Serious,Bus,Hazy,State Highway,10,1,Dusk,116
ACC0823,Apr-22,17:33,Pune Maharashtra,Minor,Pedestrian,Rainy,State Highway,7,1,Dark,78
ACC0824,Apr-23,23:14,Lunglei Mizoram,Fatal,Two-Wheeler,Stormy,National Highway,4,5,Dawn,46
ACC0825,Aug-20,00:49,Bokaro Jharkhand,Minor,Bus,Stormy,Urban Road,1,0,Daylight,86
ACC0826,Mar-20,06:01,Baramulla Jammu and Kashmir,Minor,Bus,Hazy,National Highway,2,1,Daylight,87
ACC0827,Jul-20,13:31,Pasighat Arunachal Pradesh,Minor,Car,Clear,Urban Road,8,2,Dawn,110
ACC0828,Dec-20,05:34,Bhagalpur Bihar,Serious,Cycle,Hazy,Urban Road,4,2,Daylight,43
ACC0829,Jun-23,07:25,Udaipur Rajasthan,Fatal,Cycle,Foggy,Urban Road,5,2,Dawn,64
ACC0830,Dec-22,11:41,Ahmedabad Gujarat,Fatal,Auto-Rickshaw,Foggy,Urban Road,3,2,Dark,117
ACC0831,Feb-19,17:31,Pune Maharashtra,Minor,Car,Rainy,National Highway,10,2,Daylight,60
ACC0832,Jun-21,01:42,Surat Gujarat,Fatal,Two-Wheeler,Clear,Urban Road,9,0,Dawn,37
ACC0833,Dec-21,08:32,Kolkata West Bengal,Serious,Truck,Stormy,Village Road,5,1,Dawn,100
ACC0834,Feb-22,11:27,Pune Maharashtra,Fatal,Car,Stormy,State Highway,6,2,Dawn,44
ACC0835,Nov-21,19:51,Nongstoin Meghalaya,Fatal,Truck,Rainy,State Highway,0,3,Dark,98
ACC0836,Jan-20,19:22,Madurai Tamil Nadu,Minor,Pedestrian,Hazy,Village Road,2,2,Dark,114
ACC0837,Dec-20,09:48,Visakhapatnam Andhra Pradesh,Minor,Auto-Rickshaw,Stormy,State Highway,10,1,Daylight,80
ACC0838,Nov-19,21:30,Mapusa Goa,Serious,Car,Stormy,State Highway,8,2,Daylight,114
ACC0839,Mar-21,11:52,Puducherry Puducherry,Minor,Two-Wheeler,Hazy,State Highway,2,5,Dusk,30
ACC0840,Nov-22,09:44,Jalandhar Punjab,Fatal,Two-Wheeler,Foggy,State Highway,7,0,Dawn,94
ACC0841,Jun-20,22:16,Jamshedpur Jharkhand,Serious,Bus,Foggy,Village Road,8,2,Dark,120
ACC0842,Sep-19,16:12,Puri Odisha,Serious,Bus,Hazy,Urban Road,6,5,Daylight,44
ACC0843,Mar-22,09:30,Warangal Telangana,Serious,Auto-Rickshaw,Stormy,Village Road,10,2,Dawn,82
ACC0844,Apr-19,05:36,Margao Goa,Fatal,Pedestrian,Hazy,National Highway,0,1,Dusk,106
ACC0845,Mar-19,15:33,Kochi Kerala,Minor,Pedestrian,Rainy,National Highway,7,5,Dusk,38
ACC0846,Mar-18,05:31,Bhubaneswar Odisha,Minor,Car,Clear,Urban Road,1,1,Daylight,33
ACC0847,Dec-20,13:54,Coimbatore Tamil Nadu,Fatal,Bus,Hazy,Village Road,8,4,Dusk,80
ACC0848,Nov-22,13:07,Visakhapatnam Andhra Pradesh,Fatal,Auto-Rickshaw,Stormy,State Highway,10,5,Dark,105
ACC0849,Oct-18,14:56,Thrissur Kerala,Serious,Truck,Foggy,Village Road,8,2,Dusk,101
ACC0850,Apr-21,06:26,Tirupati Andhra Pradesh,Minor,Pedestrian,Stormy,Village Road,4,4,Daylight,106
ACC0851,Aug-21,16:13,Dimapur Nagaland,Minor,Bus,Hazy,State Highway,1,2,Dark,55
ACC0852,Sep-21,07:29,Vasco da Gama Goa,Minor,Auto-Rickshaw,Clear,State Highway,8,5,Dark,36
ACC0853,Apr-21,11:23,Coimbatore Tamil Nadu,Minor,Truck,Stormy,Urban Road,7,0,Dusk,30
ACC0854,Apr-20,02:23,Durg Chhattisgarh,Minor,Car,Rainy,State Highway,5,4,Daylight,49
ACC0855,May-23,08:34,Naharlagun Arunachal Pradesh,Minor,Pedestrian,Rainy,State Highway,2,4,Dusk,77
ACC0856,Oct-18,13:27,Mangan Sikkim,Fatal,Cycle,Hazy,State Highway,5,1,Dusk,81
ACC0857,Feb-20,20:53,Aizawl Mizoram,Minor,Cycle,Rainy,State Highway,3,2,Daylight,83
ACC0858,Mar-20,15:03,Rohini Delhi,Serious,Auto-Rickshaw,Clear,State Highway,1,5,Dawn,97
ACC0859,Mar-22,16:33,Karimnagar Telangana,Minor,Pedestrian,Hazy,Urban Road,6,2,Dusk,76
ACC0860,Nov-19,20:56,Pasighat Arunachal Pradesh,Serious,Pedestrian,Clear,National Highway,3,2,Daylight,50
ACC0861,Nov-20,08:12,Lucknow Uttar Pradesh,Minor,Pedestrian,Clear,Village Road,9,4,Daylight,75
ACC0862,May-21,02:14,Ranchi Jharkhand,Serious,Truck,Stormy,Urban Road,3,4,Dawn,75
ACC0863,Oct-23,06:39,Gyalshing Sikkim,Minor,Auto-Rickshaw,Rainy,State Highway,1,2,Dark,58
ACC0864,Mar-20,03:05,Jorhat Assam,Minor,Pedestrian,Stormy,National Highway,2,2,Dawn,45
ACC0865,Feb-23,19:40,Kozhikode Kerala,Fatal,Two-Wheeler,Hazy,Village Road,0,1,Dark,75
ACC0866,Sep-22,15:44,Varanasi Uttar Pradesh,Serious,Cycle,Clear,National Highway,0,0,Dark,92
ACC0867,Dec-22,20:14,Bangalore Karnataka,Minor,Two-Wheeler,Stormy,Village Road,5,3,Dusk,76
ACC0868,Aug-21,11:52,Karaikal Puducherry,Minor,Pedestrian,Stormy,Village Road,4,4,Dawn,100
ACC0869,May-23,13:06,Warangal Telangana,Serious,Auto-Rickshaw,Rainy,Village Road,3,5,Dark,55
ACC0870,Feb-20,08:52,Thiruvananthapuram Kerala,Fatal,Bus,Stormy,National Highway,2,2,Dawn,105
ACC0871,Mar-22,16:36,Surat Gujarat,Minor,Two-Wheeler,Hazy,National Highway,6,2,Dark,100
ACC0872,Jun-21,16:41,Cuttack Odisha,Serious,Bus,Rainy,Urban Road,5,2,Daylight,82
ACC0873,Oct-23,00:28,Dwarka Delhi,Serious,Car,Hazy,Village Road,10,5,Daylight,115
ACC0874,Feb-20,08:30,Panaji Goa,Fatal,Auto-Rickshaw,Rainy,Urban Road,9,3,Dawn,114
ACC0875,Apr-18,06:18,Surat Gujarat,Minor,Bus,Stormy,State Highway,1,5,Dark,31
ACC0876,Mar-19,02:10,Kohima Nagaland,Fatal,Cycle,Stormy,Village Road,8,0,Dark,46
ACC0877,Jan-22,21:10,Surat Gujarat,Serious,Truck,Rainy,State Highway,6,1,Dawn,110
ACC0878,Jun-18,16:22,Panaji Goa,Fatal,Truck,Stormy,Village Road,3,1,Dawn,94
ACC0879,Aug-23,11:24,Lunglei Mizoram,Fatal,Cycle,Clear,Urban Road,9,1,Dark,100
ACC0880,Jun-18,22:37,Dehradun Uttarakhand,Serious,Auto-Rickshaw,Rainy,Village Road,9,0,Dark,102
ACC0881,Jun-20,12:06,Bhopal Madhya Pradesh,Serious,Cycle,Foggy,State Highway,10,2,Dark,97
ACC0882,Oct-22,11:32,Tura Meghalaya,Minor,Two-Wheeler,Stormy,Urban Road,2,0,Daylight,76
ACC0883,Jul-20,06:13,Dimapur Nagaland,Fatal,Auto-Rickshaw,Rainy,Urban Road,5,0,Dusk,75
ACC0884,Jan-21,05:00,Dwarka Delhi,Minor,Pedestrian,Stormy,Village Road,8,5,Dark,49
ACC0885,Sep-23,14:20,Dwarka Delhi,Minor,Truck,Rainy,Urban Road,10,0,Dawn,113
ACC0886,May-20,23:17,Amritsar Punjab,Minor,Pedestrian,Hazy,State Highway,10,0,Dusk,61
ACC0887,Nov-23,19:28,Kanpur Uttar Pradesh,Minor,Truck,Rainy,Village Road,8,0,Dawn,43
ACC0888,Jul-20,21:15,New Delhi Delhi,Serious,Car,Clear,Urban Road,8,0,Dusk,81
ACC0889,Nov-18,21:37,Gwalior Madhya Pradesh,Fatal,Two-Wheeler,Hazy,State Highway,1,2,Dawn,41
ACC0890,Mar-22,06:30,Nagpur Maharashtra,Serious,Truck,Clear,National Highway,10,3,Dusk,86
ACC0891,Sep-19,22:38,Jorhat Assam,Serious,Bus,Rainy,State Highway,6,5,Daylight,42
ACC0892,Jan-22,18:51,Bokaro Jharkhand,Minor,Pedestrian,Stormy,Village Road,10,4,Dawn,86
ACC0893,Oct-23,03:27,Madurai Tamil Nadu,Fatal,Pedestrian,Foggy,Village Road,5,5,Dusk,99
ACC0894,Jan-20,01:14,Amritsar Punjab,Minor,Truck,Clear,Village Road,10,2,Dusk,89
ACC0895,Jan-20,17:33,Gyalshing Sikkim,Minor,Cycle,Stormy,State Highway,2,1,Daylight,89
ACC0896,Nov-23,05:54,Madurai Tamil Nadu,Minor,Auto-Rickshaw,Clear,State Highway,10,1,Daylight,31
ACC0897,Jan-20,10:56,New Delhi Delhi,Fatal,Car,Rainy,Village Road,1,1,Dusk,75
ACC0898,Oct-19,19:31,Tura Meghalaya,Minor,Truck,Hazy,State Highway,10,0,Dawn,103
ACC0899,Sep-23,15:22,Margao Goa,Serious,Car,Rainy,National Highway,6,3,Dusk,113
ACC0900,Feb-21,00:23,Ludhiana Punjab,Fatal,Cycle,Hazy,Urban Road,8,4,Dusk,71
ACC0901,Dec-18,11:57,Naharlagun Arunachal Pradesh,Minor,Cycle,Rainy,Urban Road,7,1,Dusk,35
ACC0902,Aug-23,12:40,Dehradun Uttarakhand,Minor,Pedestrian,Clear,State Highway,0,5,Dark,79
ACC0903,Dec-20,04:51,Lunglei Mizoram,Fatal,Auto-Rickshaw,Hazy,State Highway,7,1,Daylight,54
ACC0904,Dec-23,02:42,Mandi Himachal Pradesh,Fatal,Auto-Rickshaw,Clear,National Highway,2,1,Daylight,86
ACC0905,Mar-21,04:35,Kolkata West Bengal,Minor,Cycle,Hazy,Village Road,10,2,Daylight,32
ACC0906,Feb-22,04:41,Dimapur Nagaland,Minor,Cycle,Stormy,Urban Road,8,0,Daylight,57
ACC0907,Dec-23,12:51,Karaikal Puducherry,Minor,Cycle,Rainy,National Highway,7,0,Daylight,104
ACC0908,May-18,00:25,Visakhapatnam Andhra Pradesh,Minor,Bus,Foggy,Urban Road,6,0,Dark,86
ACC0909,Apr-18,15:50,Silchar Assam,Serious,Pedestrian,Clear,Village Road,4,0,Dusk,119
ACC0910,Jan-22,06:48,Bhopal Madhya Pradesh,Serious,Cycle,Hazy,Village Road,3,1,Dusk,110
ACC0911,May-21,00:14,Mandi Himachal Pradesh,Serious,Auto-Rickshaw,Clear,National Highway,5,3,Dawn,99
ACC0912,Aug-20,19:14,Bokaro Jharkhand,Minor,Truck,Rainy,Urban Road,10,2,Dark,79
ACC0913,May-19,10:35,Rourkela Odisha,Minor,Cycle,Hazy,State Highway,5,1,Dusk,45
ACC0914,Jan-18,08:38,Bhubaneswar Odisha,Fatal,Car,Rainy,State Highway,9,3,Dawn,88
ACC0915,Jul-21,21:54,Karimnagar Telangana,Serious,Auto-Rickshaw,Foggy,Village Road,2,4,Dawn,76
ACC0916,Apr-21,01:39,Dharmanagar Tripura,Minor,Truck,Rainy,State Highway,7,5,Dark,81
ACC0917,Jul-18,12:16,Vasco da Gama Goa,Fatal,Bus,Hazy,Urban Road,1,1,Daylight,98
ACC0918,Nov-23,11:52,Korba Chhattisgarh,Fatal,Car,Rainy,Urban Road,3,3,Dawn,65
ACC0919,Aug-19,11:43,Jalandhar Punjab,Fatal,Pedestrian,Rainy,Village Road,0,3,Dark,108
ACC0920,Oct-22,04:58,Lucknow Uttar Pradesh,Serious,Two-Wheeler,Rainy,Village Road,8,5,Dusk,112
ACC0921,Apr-22,19:07,Hyderabad Telangana,Fatal,Cycle,Clear,Village Road,0,3,Dusk,118
ACC0922,Feb-23,04:25,Dimapur Nagaland,Serious,Bus,Clear,State Highway,9,5,Dark,81
ACC0923,Jan-19,17:02,Thiruvananthapuram Kerala,Minor,Pedestrian,Stormy,Urban Road,6,2,Dusk,91
ACC0924,Oct-22,00:22,Baramulla Jammu and Kashmir,Serious,Bus,Rainy,Urban Road,0,1,Dusk,95
ACC0925,May-19,22:55,Dharamshala Himachal Pradesh,Fatal,Car,Rainy,State Highway,0,1,Daylight,37
ACC0926,Feb-18,15:58,Rohini Delhi,Serious,Bus,Rainy,Urban Road,3,3,Daylight,81
ACC0927,Mar-18,15:42,Mangalore Karnataka,Fatal,Bus,Clear,State Highway,2,2,Daylight,89
ACC0928,Aug-19,05:26,Mangalore Karnataka,Serious,Two-Wheeler,Clear,National Highway,3,5,Dusk,76
ACC0929,Jun-22,01:03,Gwalior Madhya Pradesh,Minor,Car,Foggy,Urban Road,7,3,Dusk,32
ACC0930,Nov-21,19:25,Bishnupur Manipur,Fatal,Bus,Foggy,Village Road,6,1,Dark,104
ACC0931,Oct-19,10:23,Surat Gujarat,Serious,Pedestrian,Rainy,State Highway,4,0,Daylight,107
ACC0932,Oct-18,04:24,Jaipur Rajasthan,Minor,Bus,Rainy,Urban Road,9,2,Dusk,79
ACC0933,Apr-21,05:29,Madurai Tamil Nadu,Minor,Auto-Rickshaw,Clear,National Highway,1,5,Dusk,84
ACC0934,Apr-18,06:45,Mysore Karnataka,Fatal,Car,Hazy,Urban Road,0,3,Dark,98
ACC0935,Jan-21,02:56,Itanagar Arunachal Pradesh,Serious,Truck,Foggy,State Highway,1,4,Dark,51
ACC0936,Feb-23,12:05,Haridwar Uttarakhand,Minor,Pedestrian,Stormy,Village Road,9,4,Dusk,66
ACC0937,Jun-18,03:58,Patiala Punjab,Minor,Truck,Rainy,National Highway,8,1,Dusk,74
ACC0938,Oct-19,16:00,Bhilai Chhattisgarh,Fatal,Cycle,Clear,National Highway,0,1,Daylight,33
ACC0939,Aug-23,07:19,Gangtok Sikkim,Serious,Car,Stormy,State Highway,0,1,Dusk,59
ACC0940,Dec-22,17:58,Chandigarh Chandigarh,Serious,Auto-Rickshaw,Clear,Urban Road,7,2,Daylight,64
ACC0941,Feb-23,10:44,Dwarka Delhi,Fatal,Two-Wheeler,Rainy,Urban Road,7,2,Dawn,62
ACC0942,Oct-21,03:52,Siliguri West Bengal,Minor,Two-Wheeler,Hazy,National Highway,7,4,Daylight,51
ACC0943,Aug-18,07:49,Raipur Chhattisgarh,Minor,Auto-Rickshaw,Clear,State Highway,9,3,Dark,40
ACC0944,Aug-18,01:43,Haridwar Uttarakhand,Minor,Pedestrian,Hazy,Village Road,1,4,Dawn,44
ACC0945,May-21,19:55,Pune Maharashtra,Fatal,Auto-Rickshaw,Stormy,Urban Road,9,4,Dark,85
ACC0946,Feb-22,03:53,Bishnupur Manipur,Fatal,Car,Foggy,National Highway,10,3,Daylight,114
ACC0947,Mar-20,16:29,Panaji Goa,Fatal,Two-Wheeler,Foggy,State Highway,3,1,Dusk,81
ACC0948,Jul-22,05:35,Ambala Haryana,Minor,Two-Wheeler,Hazy,State Highway,9,2,Dusk,33
ACC0949,Nov-22,00:13,Kanpur Uttar Pradesh,Fatal,Car,Stormy,State Highway,5,2,Dusk,72
ACC0950,Mar-20,05:53,Srinagar Jammu and Kashmir,Minor,Truck,Rainy,State Highway,10,2,Dark,112
ACC0951,Mar-20,07:38,Guwahati Assam,Fatal,Two-Wheeler,Stormy,Village Road,9,3,Dusk,38
ACC0952,Jan-18,13:18,Kohima Nagaland,Fatal,Auto-Rickshaw,Foggy,Village Road,1,3,Dusk,44
ACC0953,Nov-22,07:41,Ahmedabad Gujarat,Minor,Bus,Rainy,National Highway,9,4,Dawn,117
ACC0954,Jul-23,21:57,Varanasi Uttar Pradesh,Minor,Two-Wheeler,Rainy,Urban Road,4,5,Daylight,44
ACC0955,Jan-21,00:49,Thrissur Kerala,Fatal,Truck,Clear,State Highway,1,4,Daylight,106
ACC0956,May-20,07:19,Baramulla Jammu and Kashmir,Serious,Cycle,Stormy,Urban Road,3,1,Dark,94
ACC0957,Aug-23,04:09,Nagpur Maharashtra,Minor,Truck,Clear,National Highway,1,2,Dark,46
ACC0958,Jul-18,22:52,Kanpur Uttar Pradesh,Fatal,Pedestrian,Stormy,National Highway,0,0,Dark,53
ACC0959,Sep-19,17:29,Patiala Punjab,Minor,Cycle,Stormy,State Highway,3,4,Dawn,36
ACC0960,May-20,04:44,Jodhpur Rajasthan,Fatal,Truck,Foggy,Urban Road,6,1,Dark,113
ACC0961,Oct-21,22:53,Surat Gujarat,Minor,Auto-Rickshaw,Hazy,Urban Road,8,1,Dusk,66
ACC0962,Nov-20,17:57,Aizawl Mizoram,Minor,Bus,Foggy,State Highway,10,2,Dark,89
ACC0963,Dec-19,08:22,Kochi Kerala,Fatal,Cycle,Hazy,State Highway,4,1,Dark,63
ACC0964,Mar-18,08:51,Kanpur Uttar Pradesh,Fatal,Cycle,Clear,Urban Road,7,5,Daylight,81
ACC0965,Feb-19,21:37,Bhubaneswar Odisha,Fatal,Auto-Rickshaw,Hazy,National Highway,2,3,Daylight,37
ACC0966,Dec-20,21:29,Haldwani Uttarakhand,Fatal,Bus,Clear,Village Road,6,0,Dark,39
ACC0967,Jan-21,10:25,Mumbai Maharashtra,Serious,Car,Foggy,Urban Road,4,4,Dusk,72
ACC0968,Aug-21,06:36,Indore Madhya Pradesh,Fatal,Two-Wheeler,Rainy,Urban Road,4,2,Dawn,54
ACC0969,Dec-23,13:40,Kohima Nagaland,Minor,Car,Stormy,Village Road,1,5,Dusk,95
ACC0970,Jan-20,19:51,Margao Goa,Minor,Auto-Rickshaw,Stormy,Village Road,9,1,Daylight,114
ACC0971,May-20,12:27,Anantnag Jammu and Kashmir,Serious,Bus,Rainy,Village Road,6,0,Dark,112
ACC0972,Feb-20,13:13,Thrissur Kerala,Minor,Bus,Rainy,State Highway,3,0,Dusk,57
ACC0973,Jan-18,06:03,Mangalore Karnataka,Minor,Cycle,Foggy,Village Road,9,0,Dawn,100
ACC0974,Jul-20,09:22,New Delhi Delhi,Fatal,Truck,Rainy,State Highway,1,2,Dawn,87
ACC0975,Nov-22,19:32,Jalandhar Punjab,Fatal,Truck,Stormy,Village Road,3,0,Dawn,32
ACC0976,May-23,05:08,Udaipur Tripura,Fatal,Cycle,Clear,Urban Road,7,2,Dark,81
ACC0977,Oct-19,15:16,Jodhpur Rajasthan,Serious,Bus,Hazy,Village Road,8,3,Dark,39
ACC0978,Jul-21,20:34,Kanpur Uttar Pradesh,Serious,Pedestrian,Rainy,National Highway,6,1,Dark,54
ACC0979,Aug-20,14:50,Puducherry Puducherry,Minor,Two-Wheeler,Clear,Urban Road,6,5,Dusk,41
ACC0980,Aug-21,02:04,Jodhpur Rajasthan,Fatal,Pedestrian,Stormy,National Highway,5,1,Dawn,106
ACC0981,Mar-19,13:38,Chandigarh Chandigarh,Serious,Two-Wheeler,Stormy,Village Road,1,4,Dark,39
ACC0982,Mar-22,23:32,Silchar Assam,Minor,Cycle,Stormy,Village Road,2,4,Dawn,36
ACC0983,Aug-22,04:46,Nongstoin Meghalaya,Fatal,Cycle,Foggy,Urban Road,1,5,Dark,103
ACC0984,Mar-23,07:34,Lucknow Uttar Pradesh,Serious,Car,Rainy,State Highway,6,2,Dusk,80
ACC0985,May-20,03:23,Lucknow Uttar Pradesh,Minor,Two-Wheeler,Foggy,Village Road,5,0,Daylight,44
ACC0986,Jun-20,12:50,Kozhikode Kerala,Fatal,Pedestrian,Stormy,Urban Road,2,1,Dusk,63
ACC0987,Feb-21,05:00,Nizamabad Telangana,Minor,Car,Clear,Village Road,4,0,Dark,53
ACC0988,Aug-20,19:46,Bhopal Madhya Pradesh,Fatal,Auto-Rickshaw,Clear,Village Road,5,4,Dark,60
ACC0989,Jul-19,21:19,Solan Himachal Pradesh,Minor,Truck,Stormy,National Highway,9,0,Dark,108
ACC0990,Jun-19,01:48,Jorhat Assam,Serious,Truck,Foggy,National Highway,0,4,Dusk,36
ACC0991,Dec-23,02:51,Jowai Meghalaya,Fatal,Cycle,Clear,Urban Road,0,4,Daylight,38
ACC0992,Jul-23,01:05,Mysore Karnataka,Fatal,Two-Wheeler,Foggy,Urban Road,1,4,Dawn,48
ACC0993,Oct-21,08:06,Surat Gujarat,Fatal,Truck,Rainy,Village Road,2,3,Dark,102
ACC0994,Nov-20,20:42,Dwarka Delhi,Serious,Pedestrian,Rainy,Urban Road,7,5,Dark,108
ACC0995,Feb-21,19:41,Champhai Mizoram,Serious,Auto-Rickshaw,Foggy,National Highway,7,3,Daylight,33
ACC0996,Sep-20,05:29,Madurai Tamil Nadu,Fatal,Two-Wheeler,Rainy,Village Road,1,3,Dusk,75
ACC0997,Feb-20,12:47,Srinagar Jammu and Kashmir,Serious,Truck,Clear,Village Road,9,1,Dusk,41
ACC0998,Jun-23,23:53,Baramulla Jammu and Kashmir,Fatal,Auto-Rickshaw,Foggy,National Highway,5,1,Dark,70
ACC0999,Jun-18,10:49,Dwarka Delhi,Fatal,Bus,Stormy,National Highway,7,1,Dark,109
ACC1000,Nov-20,03:10,Jammu Jammu and Kashmir,Serious,Auto-Rickshaw,Rainy,Urban Road,7,2,Dark,82
ACC1001,Oct-21,22:47,Dwarka Delhi,Fatal,Car,Foggy,Village Road,0,2,Dawn,37
ACC1002,Jan-19,10:50,Mokokchung Nagaland,Fatal,Truck,Stormy,State Highway,1,5,Dark,51
ACC1003,Jan-23,19:19,Karimnagar Telangana,Minor,Two-Wheeler,Clear,Urban Road,0,3,Dawn,49
ACC1004,Feb-20,22:09,Coimbatore Tamil Nadu,Fatal,Bus,Rainy,Urban Road,2,0,Daylight,53
ACC1005,Jul-18,03:33,Chandigarh Chandigarh,Fatal,Bus,Clear,Urban Road,9,3,Daylight,73
ACC1006,Oct-21,06:45,Panaji Goa,Fatal,Bus,Hazy,State Highway,8,5,Dusk,92
ACC1007,Mar-22,17:14,Bhubaneswar Odisha,Fatal,Car,Hazy,Urban Road,5,1,Dawn,51
ACC1008,Feb-19,22:46,Kohima Nagaland,Minor,Two-Wheeler,Clear,Urban Road,9,3,Dawn,106
ACC1009,Oct-18,11:28,Vijayawada Andhra Pradesh,Fatal,Cycle,Foggy,Urban Road,3,3,Dark,34
ACC1010,Aug-20,00:25,Surat Gujarat,Minor,Bus,Hazy,National Highway,4,2,Dark,76
ACC1011,Dec-21,07:21,Pune Maharashtra,Fatal,Truck,Rainy,National Highway,5,2,Dusk,96
ACC1012,Mar-20,00:43,Dharamshala Himachal Pradesh,Fatal,Cycle,Foggy,National Highway,6,3,Dark,109
ACC1013,Mar-20,08:10,Gurugram Haryana,Serious,Bus,Stormy,State Highway,5,2,Daylight,106
ACC1014,Oct-23,09:18,Patna Bihar,Fatal,Two-Wheeler,Hazy,Urban Road,1,4,Daylight,50
ACC1015,Dec-22,23:07,Jammu Jammu and Kashmir,Fatal,Bus,Stormy,National Highway,5,1,Daylight,82
ACC1016,Aug-21,04:00,Ludhiana Punjab,Fatal,Auto-Rickshaw,Hazy,State Highway,8,5,Daylight,112
ACC1017,Oct-19,16:04,Kochi Kerala,Fatal,Pedestrian,Hazy,Urban Road,6,3,Dawn,41
ACC1018,Jul-21,01:10,Aizawl Mizoram,Fatal,Two-Wheeler,Rainy,Urban Road,3,1,Dawn,110
ACC1019,May-19,17:55,Mapusa Goa,Fatal,Two-Wheeler,Foggy,Village Road,7,2,Dusk,54
ACC1020,Feb-23,02:50,Bhagalpur Bihar,Serious,Auto-Rickshaw,Clear,State Highway,9,5,Dark,118
ACC1021,Jul-18,19:04,Vijayawada Andhra Pradesh,Fatal,Pedestrian,Rainy,State Highway,7,1,Dark,49
ACC1022,Aug-20,07:13,Mysore Karnataka,Fatal,Two-Wheeler,Clear,State Highway,0,1,Dark,96
ACC1023,Mar-21,10:31,Durgapur West Bengal,Fatal,Bus,Stormy,State Highway,10,1,Dark,81
ACC1024,Oct-18,15:06,Korba Chhattisgarh,Minor,Two-Wheeler,Clear,Village Road,1,1,Dawn,75
ACC1025,Jan-19,05:29,Mysore Karnataka,Serious,Cycle,Foggy,National Highway,7,5,Dusk,82
ACC1026,Aug-18,17:27,Kohima Nagaland,Serious,Pedestrian,Stormy,Village Road,3,3,Dusk,63
ACC1027,Nov-22,13:26,Baramulla Jammu and Kashmir,Fatal,Auto-Rickshaw,Stormy,State Highway,4,5,Dusk,68
ACC1028,Feb-20,19:39,Indore Madhya Pradesh,Fatal,Truck,Rainy,Village Road,2,4,Dark,41
ACC1029,Jul-18,05:44,Tura Meghalaya,Minor,Auto-Rickshaw,Hazy,Urban Road,2,1,Daylight,114
ACC1030,Jan-23,08:53,Karaikal Puducherry,Fatal,Two-Wheeler,Rainy,Village Road,9,4,Daylight,76
ACC1031,Mar-21,22:37,Chennai Tamil Nadu,Fatal,Truck,Rainy,National Highway,10,2,Daylight,90
ACC1032,Dec-22,09:50,Nongstoin Meghalaya,Fatal,Pedestrian,Foggy,National Highway,8,1,Dusk,88
ACC1033,Oct-22,13:37,Panaji Goa,Serious,Car,Rainy,Urban Road,8,5,Daylight,113
ACC1034,Nov-21,19:51,Rohini Delhi,Serious,Car,Hazy,National Highway,10,3,Daylight,30
ACC1035,Oct-20,06:09,Visakhapatnam Andhra Pradesh,Minor,Car,Clear,National Highway,2,3,Dark,30
ACC1036,Dec-18,12:36,Naharlagun Arunachal Pradesh,Minor,Cycle,Rainy,State Highway,9,3,Dawn,49
ACC1037,Jan-20,03:25,Rohini Delhi,Minor,Cycle,Clear,Village Road,8,2,Dark,89
ACC1038,Mar-23,09:16,Chandigarh Chandigarh,Serious,Car,Foggy,Village Road,6,5,Dusk,86
ACC1039,Mar-20,18:50,Gurugram Haryana,Minor,Pedestrian,Rainy,Village Road,6,3,Dusk,106
ACC1040,Jun-19,19:12,Visakhapatnam Andhra Pradesh,Minor,Auto-Rickshaw,Clear,Urban Road,4,3,Daylight,103
ACC1041,Sep-20,11:24,Silchar Assam,Fatal,Pedestrian,Foggy,Urban Road,0,2,Dusk,103
ACC1042,Jan-19,01:32,Srinagar Jammu and Kashmir,Serious,Pedestrian,Foggy,National Highway,7,0,Dusk,112
ACC1043,Jan-20,07:33,Korba Chhattisgarh,Minor,Auto-Rickshaw,Rainy,Urban Road,10,5,Dawn,99
ACC1044,Nov-20,01:52,Aizawl Mizoram,Fatal,Two-Wheeler,Rainy,State Highway,6,2,Dark,116
ACC1045,Jun-18,01:09,Nagpur Maharashtra,Serious,Cycle,Foggy,State Highway,0,3,Dawn,72
ACC1046,Oct-20,20:09,Visakhapatnam Andhra Pradesh,Serious,Truck,Hazy,Village Road,6,5,Daylight,118
ACC1047,Mar-22,10:04,Chandigarh Chandigarh,Serious,Bus,Stormy,Village Road,6,1,Daylight,98
ACC1048,Jul-22,13:06,Agartala Tripura,Serious,Auto-Rickshaw,Foggy,National Highway,9,1,Dusk,119
ACC1049,Jan-20,19:08,Hyderabad Telangana,Minor,Truck,Stormy,Urban Road,0,3,Dawn,58
ACC1050,Nov-22,05:31,Bhubaneswar Odisha,Serious,Car,Foggy,State Highway,8,4,Dawn,63
ACC1051,Aug-18,06:01,Vijayawada Andhra Pradesh,Serious,Cycle,Hazy,National Highway,8,4,Daylight,75
ACC1052,Sep-20,13:56,Kochi Kerala,Fatal,Car,Rainy,Village Road,2,4,Dawn,46
ACC1053,Jul-18,13:38,Bhilai Chhattisgarh,Serious,Two-Wheeler,Clear,State Highway,8,5,Daylight,65
ACC1054,May-18,13:38,Thoubal Manipur,Serious,Auto-Rickshaw,Foggy,State Highway,5,1,Dark,109
ACC1055,Apr-21,19:33,Haridwar Uttarakhand,Minor,Cycle,Rainy,Village Road,9,5,Dusk,91
ACC1056,Aug-20,04:14,Shillong Meghalaya,Minor,Truck,Rainy,Village Road,8,3,Dawn,97
ACC1057,Oct-18,22:50,Imphal Manipur,Minor,Auto-Rickshaw,Clear,State Highway,1,3,Dusk,119
ACC1058,Dec-18,21:40,Kanpur Uttar Pradesh,Serious,Auto-Rickshaw,Stormy,Urban Road,10,0,Dark,89
ACC1059,Oct-18,22:40,Puri Odisha,Serious,Car,Hazy,Village Road,7,1,Dawn,73
ACC1060,Feb-23,03:47,Imphal Manipur,Fatal,Pedestrian,Clear,Village Road,7,3,Daylight,117
ACC1061,Aug-19,04:02,Chandigarh Chandigarh,Minor,Auto-Rickshaw,Rainy,Village Road,1,5,Dark,72
ACC1062,Oct-20,12:36,Jaipur Rajasthan,Fatal,Two-Wheeler,Hazy,National Highway,7,0,Dusk,58
ACC1063,Mar-21,23:10,Roorkee Uttarakhand,Fatal,Two-Wheeler,Rainy,State Highway,7,3,Daylight,105
ACC1064,Sep-18,10:31,Jalandhar Punjab,Minor,Cycle,Stormy,Urban Road,2,5,Dusk,108
ACC1065,Aug-19,21:50,Dharmanagar Tripura,Serious,Truck,Stormy,State Highway,3,4,Dusk,67
ACC1066,May-20,07:42,Pasighat Arunachal Pradesh,Serious,Truck,Rainy,Urban Road,10,3,Dawn,52
ACC1067,May-20,17:36,Dwarka Delhi,Serious,Bus,Stormy,State Highway,4,0,Daylight,36
ACC1068,Sep-21,21:57,Nizamabad Telangana,Fatal,Auto-Rickshaw,Clear,National Highway,5,5,Dusk,120
ACC1069,Mar-20,06:11,Chandigarh Chandigarh,Serious,Two-Wheeler,Stormy,National Highway,1,4,Dusk,66
ACC1070,Jul-18,01:49,Pune Maharashtra,Serious,Car,Stormy,Urban Road,3,3,Daylight,63
ACC1071,Mar-20,06:53,Bokaro Jharkhand,Serious,Pedestrian,Clear,State Highway,6,3,Dawn,118
ACC1072,Jan-21,01:11,Gyalshing Sikkim,Minor,Car,Rainy,National Highway,6,4,Dusk,38
ACC1073,Nov-23,01:27,Durg Chhattisgarh,Fatal,Bus,Foggy,Village Road,1,4,Dark,113
ACC1074,Oct-21,06:36,Dimapur Nagaland,Serious,Two-Wheeler,Hazy,National Highway,7,4,Dusk,40
ACC1075,Sep-20,12:59,Kozhikode Kerala,Minor,Truck,Hazy,National Highway,10,3,Dawn,64
ACC1076,Nov-20,05:49,Dwarka Delhi,Minor,Two-Wheeler,Rainy,State Highway,1,3,Daylight,92
ACC1077,May-18,01:14,Faridabad Haryana,Minor,Car,Rainy,Urban Road,0,0,Dark,58
ACC1078,Jun-22,12:00,Naharlagun Arunachal Pradesh,Minor,Auto-Rickshaw,Foggy,Village Road,0,0,Dawn,107
ACC1079,May-20,01:51,Mumbai Maharashtra,Serious,Car,Clear,State Highway,5,2,Daylight,68
ACC1080,Jul-21,18:12,Siliguri West Bengal,Serious,Bus,Stormy,National Highway,8,2,Dawn,53
ACC1081,Mar-20,16:30,Bangalore Karnataka,Fatal,Pedestrian,Clear,Urban Road,9,3,Daylight,46
ACC1082,Jan-21,16:28,Cuttack Odisha,Fatal,Cycle,Hazy,State Highway,10,4,Daylight,66
ACC1083,Nov-18,22:45,Vasco da Gama Goa,Serious,Pedestrian,Hazy,Village Road,7,0,Dark,47
ACC1084,May-22,04:34,Dhanbad Jharkhand,Minor,Truck,Rainy,Urban Road,3,4,Dawn,89
ACC1085,Jul-22,01:49,Jorhat Assam,Minor,Bus,Rainy,State Highway,4,5,Daylight,113
ACC1086,Aug-23,01:08,Durgapur West Bengal,Minor,Bus,Stormy,Urban Road,3,0,Dawn,82
ACC1087,Jul-21,03:29,Chandigarh Chandigarh,Minor,Car,Stormy,Urban Road,6,1,Daylight,63
ACC1088,Jul-20,12:46,Naharlagun Arunachal Pradesh,Serious,Two-Wheeler,Foggy,National Highway,9,1,Daylight,72
ACC1089,Jun-23,23:12,Thiruvananthapuram Kerala,Minor,Bus,Hazy,State Highway,2,2,Daylight,65
ACC1090,May-18,11:35,Champhai Mizoram,Fatal,Car,Rainy,National Highway,6,4,Daylight,103
ACC1091,May-19,17:10,Jammu Jammu and Kashmir,Serious,Two-Wheeler,Foggy,Village Road,7,4,Dawn,108
ACC1092,Jul-21,11:50,Raipur Chhattisgarh,Fatal,Two-Wheeler,Foggy,Village Road,2,2,Daylight,86
ACC1093,Mar-19,10:44,Kozhikode Kerala,Fatal,Truck,Rainy,National Highway,10,2,Dawn,52
ACC1094,Jun-21,03:25,Anantnag Jammu and Kashmir,Serious,Car,Stormy,State Highway,0,3,Dusk,107
ACC1095,Nov-23,21:38,Kochi Kerala,Serious,Truck,Rainy,Urban Road,7,3,Dawn,93
ACC1096,Aug-20,21:45,Ambala Haryana,Minor,Bus,Stormy,State Highway,5,4,Dark,77
ACC1097,Jan-22,16:13,Karaikal Puducherry,Minor,Cycle,Clear,State Highway,3,3,Daylight,75
ACC1098,Mar-21,09:13,Bhubaneswar Odisha,Minor,Cycle,Foggy,Village Road,8,0,Daylight,82
ACC1099,Oct-23,02:23,Siliguri West Bengal,Serious,Cycle,Rainy,Urban Road,0,5,Dusk,88
ACC1100,Jun-21,23:16,Champhai Mizoram,Fatal,Auto-Rickshaw,Hazy,Urban Road,9,0,Daylight,96
ACC1101,Aug-19,03:06,Mokokchung Nagaland,Serious,Pedestrian,Hazy,Urban Road,1,2,Dark,120
ACC1102,Feb-20,23:22,Mysore Karnataka,Minor,Car,Foggy,Village Road,1,3,Dawn,45
ACC1103,May-20,18:03,Rohini Delhi,Minor,Bus,Stormy,Village Road,0,1,Dusk,83
ACC1104,Aug-23,01:36,Baramulla Jammu and Kashmir,Minor,Truck,Clear,Village Road,9,0,Dark,35
ACC1105,Feb-21,00:52,Mysore Karnataka,Minor,Bus,Stormy,Village Road,8,1,Daylight,44
ACC1106,Sep-19,05:18,Ahmedabad Gujarat,Minor,Cycle,Hazy,Village Road,6,3,Dawn,90
ACC1107,Sep-18,18:23,Siliguri West Bengal,Serious,Auto-Rickshaw,Rainy,State Highway,8,0,Dark,60
ACC1108,May-19,22:35,Gaya Bihar,Serious,Cycle,Hazy,National Highway,8,3,Dark,67
ACC1109,Jun-18,05:18,Panipat Haryana,Minor,Bus,Hazy,State Highway,5,1,Dark,96
ACC1110,Dec-18,04:22,Shimla Himachal Pradesh,Fatal,Car,Stormy,Urban Road,10,5,Dawn,47
ACC1111,Aug-18,01:09,Warangal Telangana,Minor,Pedestrian,Hazy,National Highway,9,4,Dawn,94
ACC1112,Jun-23,12:46,Karimnagar Telangana,Fatal,Auto-Rickshaw,Clear,Urban Road,2,5,Dawn,54
ACC1113,Dec-23,14:33,Tirupati Andhra Pradesh,Fatal,Truck,Clear,Village Road,1,2,Dusk,54
ACC1114,Jan-23,18:17,Durg Chhattisgarh,Serious,Car,Hazy,State Highway,7,0,Dawn,111
ACC1115,Nov-23,23:05,Visakhapatnam Andhra Pradesh,Fatal,Car,Hazy,State Highway,1,1,Daylight,60
ACC1116,Jul-19,08:10,Lucknow Uttar Pradesh,Fatal,Truck,Foggy,Urban Road,10,0,Daylight,113
ACC1117,Dec-19,17:25,Kohima Nagaland,Minor,Cycle,Clear,National Highway,2,5,Dusk,68
ACC1118,Jul-20,00:32,Karaikal Puducherry,Fatal,Truck,Foggy,Village Road,6,2,Dawn,98
ACC1119,Aug-18,12:45,Coimbatore Tamil Nadu,Serious,Pedestrian,Rainy,National Highway,8,2,Dawn,60
ACC1120,May-23,21:07,Nagpur Maharashtra,Serious,Bus,Rainy,National Highway,8,5,Daylight,79
ACC1121,Oct-20,05:12,Bhagalpur Bihar,Fatal,Cycle,Hazy,Urban Road,9,5,Dark,50
ACC1122,Feb-23,07:08,Pune Maharashtra,Minor,Bus,Clear,Village Road,2,4,Dawn,119
ACC1123,Jan-18,16:10,Jodhpur Rajasthan,Serious,Pedestrian,Rainy,State Highway,0,4,Dawn,35
ACC1124,Nov-23,06:31,Durgapur West Bengal,Serious,Truck,Hazy,Urban Road,0,3,Dawn,82
ACC1125,Jul-18,16:18,Dibrugarh Assam,Minor,Pedestrian,Hazy,Village Road,9,3,Dawn,118
ACC1126,Oct-22,08:07,Bokaro Jharkhand,Serious,Auto-Rickshaw,Stormy,National Highway,5,2,Dusk,49
ACC1127,Jan-21,07:10,Korba Chhattisgarh,Serious,Bus,Hazy,State Highway,3,2,Dawn,66
ACC1128,Dec-22,02:14,Thoubal Manipur,Minor,Car,Clear,National Highway,0,1,Dawn,78
ACC1129,Nov-21,06:37,Mokokchung Nagaland,Fatal,Pedestrian,Foggy,Urban Road,4,4,Dusk,55
ACC1130,Sep-23,16:38,Dwarka Delhi,Fatal,Bus,Clear,Village Road,3,3,Dark,85
ACC1131,Feb-21,09:21,Nagpur Maharashtra,Fatal,Bus,Stormy,National Highway,7,5,Dusk,52
ACC1132,Jul-21,23:32,Kozhikode Kerala,Serious,Two-Wheeler,Clear,Village Road,9,5,Daylight,116
ACC1133,Mar-19,11:29,Nagpur Maharashtra,Fatal,Car,Rainy,Urban Road,2,4,Dark,108
ACC1134,May-19,07:21,Thiruvananthapuram Kerala,Minor,Pedestrian,Foggy,Urban Road,8,0,Dark,102
ACC1135,Jan-23,00:28,Dehradun Uttarakhand,Fatal,Auto-Rickshaw,Foggy,Urban Road,2,2,Daylight,71
ACC1136,Jan-23,20:21,Bishnupur Manipur,Fatal,Bus,Clear,National Highway,10,0,Daylight,103
ACC1137,Jul-19,03:09,Surat Gujarat,Serious,Pedestrian,Stormy,State Highway,1,1,Dawn,117
ACC1138,Dec-22,21:11,Kolkata West Bengal,Fatal,Cycle,Rainy,State Highway,6,3,Daylight,78
ACC1139,Mar-22,13:56,New Delhi Delhi,Fatal,Two-Wheeler,Foggy,Urban Road,5,0,Dusk,78
ACC1140,Oct-23,00:17,Dharmanagar Tripura,Fatal,Pedestrian,Foggy,State Highway,6,5,Dawn,58
ACC1141,May-20,20:59,Chennai Tamil Nadu,Minor,Auto-Rickshaw,Rainy,Village Road,1,4,Dusk,75
ACC1142,May-19,08:29,Mandi Himachal Pradesh,Serious,Pedestrian,Rainy,National Highway,10,0,Dawn,49
ACC1143,Dec-19,16:30,Jalandhar Punjab,Serious,Auto-Rickshaw,Clear,State Highway,5,2,Daylight,100
ACC1144,Nov-19,03:13,Dimapur Nagaland,Minor,Pedestrian,Clear,National Highway,1,2,Dawn,46
ACC1145,Sep-22,10:26,Jorhat Assam,Fatal,Car,Rainy,State Highway,10,0,Dusk,120
ACC1146,May-21,09:54,Kochi Kerala,Serious,Pedestrian,Rainy,State Highway,0,5,Daylight,114
ACC1147,Jun-22,13:21,Muzaffarpur Bihar,Serious,Cycle,Clear,National Highway,6,4,Dark,110
ACC1148,Jan-22,07:41,Agartala Tripura,Minor,Pedestrian,Rainy,Village Road,4,5,Dark,43
ACC1149,Aug-21,03:00,Karaikal Puducherry,Fatal,Bus,Foggy,State Highway,1,3,Daylight,47
ACC1150,Jun-19,20:45,Udaipur Tripura,Minor,Truck,Rainy,State Highway,0,3,Dawn,58
ACC1151,Sep-22,18:54,Hyderabad Telangana,Minor,Car,Hazy,State Highway,9,5,Dawn,45
ACC1152,Aug-21,08:50,Nagpur Maharashtra,Minor,Two-Wheeler,Clear,Village Road,10,3,Daylight,80
ACC1153,Apr-18,05:44,Dibrugarh Assam,Serious,Car,Rainy,Urban Road,5,5,Daylight,118
ACC1154,Apr-18,00:14,Coimbatore Tamil Nadu,Serious,Bus,Hazy,Urban Road,3,1,Dusk,104
ACC1155,Dec-19,20:26,Gangtok Sikkim,Fatal,Two-Wheeler,Foggy,State Highway,0,2,Dusk,67
ACC1156,Nov-21,05:53,Vijayawada Andhra Pradesh,Fatal,Bus,Foggy,Village Road,0,3,Dark,84
ACC1157,Aug-18,05:46,Mysore Karnataka,Fatal,Truck,Clear,Urban Road,6,1,Dusk,82
ACC1158,Nov-20,14:04,Mokokchung Nagaland,Serious,Auto-Rickshaw,Rainy,National Highway,6,2,Dusk,82
ACC1159,Oct-20,08:27,Ahmedabad Gujarat,Fatal,Two-Wheeler,Hazy,National Highway,2,0,Daylight,77
ACC1160,Apr-20,20:02,Bangalore Karnataka,Serious,Bus,Stormy,National Highway,5,3,Daylight,117
ACC1161,Mar-20,07:17,Coimbatore Tamil Nadu,Fatal,Pedestrian,Hazy,Urban Road,3,2,Dusk,37
ACC1162,Jan-20,10:07,Vijayawada Andhra Pradesh,Serious,Auto-Rickshaw,Foggy,State Highway,6,3,Daylight,50
ACC1163,Sep-19,15:13,Rohini Delhi,Minor,Truck,Stormy,Urban Road,5,0,Dawn,117
ACC1164,Jan-22,03:41,Jammu Jammu and Kashmir,Fatal,Car,Clear,Urban Road,4,3,Dark,70
ACC1165,Oct-23,09:16,Vasco da Gama Goa,Serious,Bus,Foggy,State Highway,4,4,Dark,55
ACC1166,Nov-19,20:46,Mangan Sikkim,Minor,Truck,Stormy,Village Road,2,5,Dusk,93
ACC1167,Dec-18,00:10,Muzaffarpur Bihar,Minor,Two-Wheeler,Stormy,State Highway,7,4,Dawn,67
ACC1168,Dec-19,09:40,Pune Maharashtra,Fatal,Auto-Rickshaw,Hazy,Village Road,9,1,Dark,51
ACC1169,Apr-21,04:39,Durg Chhattisgarh,Serious,Two-Wheeler,Foggy,National Highway,5,2,Daylight,97
ACC1170,Apr-19,15:18,Panaji Goa,Minor,Car,Stormy,Village Road,8,2,Dark,104
ACC1171,Mar-23,04:34,Mysore Karnataka,Serious,Auto-Rickshaw,Clear,Village Road,4,4,Dawn,46
ACC1172,Nov-20,22:34,Dhanbad Jharkhand,Minor,Pedestrian,Stormy,National Highway,6,5,Dawn,71
ACC1173,May-22,04:17,Jaipur Rajasthan,Minor,Auto-Rickshaw,Foggy,Village Road,10,2,Dark,59
ACC1174,Sep-20,12:54,Jaipur Rajasthan,Serious,Auto-Rickshaw,Clear,National Highway,6,1,Dawn,62
ACC1175,Mar-21,10:28,Chennai Tamil Nadu,Fatal,Auto-Rickshaw,Rainy,Urban Road,2,4,Dusk,45
ACC1176,Jun-21,08:31,Chennai Tamil Nadu,Fatal,Truck,Rainy,State Highway,1,0,Daylight,81
ACC1177,Jan-19,12:50,Imphal Manipur,Serious,Car,Stormy,National Highway,6,4,Dawn,119
ACC1178,Jan-19,18:57,Dehradun Uttarakhand,Serious,Two-Wheeler,Rainy,Village Road,5,2,Dusk,74
ACC1179,Jun-21,03:35,Bhubaneswar Odisha,Serious,Auto-Rickshaw,Stormy,State Highway,0,5,Dusk,51
ACC1180,Feb-20,03:57,Vijayawada Andhra Pradesh,Minor,Auto-Rickshaw,Stormy,National Highway,0,0,Dark,82
ACC1181,Nov-18,03:33,Gangtok Sikkim,Minor,Bus,Stormy,Urban Road,6,1,Dark,31
ACC1182,May-22,02:07,Tirupati Andhra Pradesh,Serious,Truck,Foggy,National Highway,2,2,Dawn,88
ACC1183,Apr-22,22:24,Dharamshala Himachal Pradesh,Fatal,Car,Hazy,Urban Road,10,1,Dark,105
ACC1184,Jan-22,13:40,Lucknow Uttar Pradesh,Serious,Pedestrian,Hazy,Urban Road,3,0,Dawn,62
ACC1185,Aug-21,03:19,Bangalore Karnataka,Fatal,Pedestrian,Hazy,Village Road,0,5,Dark,85
ACC1186,Jan-19,19:44,Dwarka Delhi,Serious,Car,Rainy,Village Road,5,0,Daylight,101
ACC1187,Aug-21,03:29,Bokaro Jharkhand,Serious,Two-Wheeler,Rainy,Urban Road,4,2,Dusk,35
ACC1188,Jan-18,05:57,Patiala Punjab,Serious,Bus,Rainy,Village Road,8,0,Dawn,86
ACC1189,Jun-18,17:31,Panipat Haryana,Serious,Truck,Foggy,State Highway,8,4,Dawn,52
ACC1190,Jan-21,16:59,Gyalshing Sikkim,Fatal,Bus,Foggy,National Highway,5,3,Dusk,116
ACC1191,Jan-18,15:42,Jaipur Rajasthan,Minor,Cycle,Foggy,Village Road,10,4,Dusk,77
ACC1192,Apr-20,00:11,Bokaro Jharkhand,Fatal,Car,Stormy,Urban Road,7,2,Dark,81
ACC1193,May-22,02:35,Aizawl Mizoram,Minor,Two-Wheeler,Rainy,State Highway,8,1,Dawn,69
ACC1194,Aug-22,10:10,Rourkela Odisha,Minor,Truck,Rainy,National Highway,0,4,Dawn,37
ACC1195,Jan-22,17:55,Silchar Assam,Minor,Cycle,Hazy,State Highway,1,0,Dusk,31
ACC1196,Oct-23,20:07,Bishnupur Manipur,Minor,Cycle,Hazy,Village Road,2,0,Daylight,119
ACC1197,Aug-18,17:43,Gyalshing Sikkim,Serious,Car,Clear,National Highway,5,0,Dark,120
ACC1198,Feb-21,01:38,Roorkee Uttarakhand,Fatal,Truck,Foggy,Village Road,3,3,Dawn,45
ACC1199,Dec-18,04:28,Udaipur Tripura,Minor,Bus,Foggy,Village Road,6,2,Dusk,76
ACC1200,Mar-19,01:22,Varanasi Uttar Pradesh,Minor,Bus,Foggy,Urban Road,0,5,Dark,76
ACC1201,Apr-21,21:34,Thoubal Manipur,Serious,Cycle,Rainy,National Highway,6,5,Dark,65
ACC1202,Jan-18,12:50,Mapusa Goa,Fatal,Two-Wheeler,Stormy,Village Road,9,0,Dusk,50
ACC1203,Jun-20,01:51,Visakhapatnam Andhra Pradesh,Serious,Truck,Hazy,State Highway,7,3,Dusk,94
ACC1204,Apr-19,21:11,Mangalore Karnataka,Serious,Car,Rainy,National Highway,4,2,Daylight,72
ACC1205,Dec-21,22:41,Champhai Mizoram,Fatal,Cycle,Hazy,State Highway,0,3,Dawn,39
ACC1206,Dec-20,12:16,Roorkee Uttarakhand,Serious,Bus,Stormy,Urban Road,6,4,Daylight,98
ACC1207,Aug-18,20:29,Dharmanagar Tripura,Fatal,Pedestrian,Rainy,State Highway,8,4,Daylight,53
ACC1208,Sep-20,10:50,Dehradun Uttarakhand,Serious,Cycle,Foggy,Urban Road,6,3,Dark,89
ACC1209,Nov-18,07:10,Chandigarh Chandigarh,Serious,Auto-Rickshaw,Foggy,Village Road,7,0,Dusk,54
ACC1210,Jan-22,23:22,Mandi Himachal Pradesh,Minor,Truck,Rainy,National Highway,9,1,Dusk,84
ACC1211,Oct-22,17:25,Haldwani Uttarakhand,Fatal,Truck,Rainy,Urban Road,1,0,Dawn,113
ACC1212,Aug-18,05:02,Lunglei Mizoram,Minor,Truck,Stormy,Village Road,4,3,Dusk,69
ACC1213,Sep-20,04:08,Dhanbad Jharkhand,Serious,Auto-Rickshaw,Rainy,Village Road,2,4,Dusk,70
ACC1214,Sep-18,21:14,Coimbatore Tamil Nadu,Fatal,Auto-Rickshaw,Clear,Urban Road,3,4,Dusk,104
ACC1215,Aug-19,13:31,Jammu Jammu and Kashmir,Serious,Pedestrian,Foggy,National Highway,2,3,Daylight,86
ACC1216,Mar-23,21:32,Vijayawada Andhra Pradesh,Minor,Truck,Stormy,Urban Road,10,2,Dusk,45
ACC1217,Sep-18,06:23,Muzaffarpur Bihar,Serious,Bus,Stormy,National Highway,5,1,Daylight,85
ACC1218,May-19,07:25,Champhai Mizoram,Minor,Truck,Hazy,State Highway,5,1,Daylight,95
ACC1219,Jun-21,01:07,Puducherry Puducherry,Fatal,Truck,Rainy,Village Road,7,0,Dawn,56
ACC1220,Jan-20,08:01,Thrissur Kerala,Serious,Pedestrian,Clear,Urban Road,5,5,Dusk,73
ACC1221,Dec-20,10:47,Puducherry Puducherry,Serious,Bus,Stormy,Village Road,9,5,Daylight,35
ACC1222,Aug-19,07:15,Panaji Goa,Minor,Car,Clear,Urban Road,0,4,Daylight,115
ACC1223,Jul-19,16:37,Durg Chhattisgarh,Minor,Car,Rainy,National Highway,0,3,Daylight,39
ACC1224,Mar-21,16:25,Puducherry Puducherry,Minor,Two-Wheeler,Foggy,Village Road,2,5,Dawn,53
ACC1225,Mar-18,03:56,Champhai Mizoram,Fatal,Two-Wheeler,Foggy,National Highway,6,4,Dark,106
ACC1226,Aug-21,05:05,Silchar Assam,Fatal,Auto-Rickshaw,Hazy,State Highway,4,3,Dusk,42
ACC1227,Nov-18,03:46,Kohima Nagaland,Minor,Cycle,Foggy,Village Road,6,2,Dusk,120
ACC1228,May-20,08:02,Solan Himachal Pradesh,Minor,Truck,Rainy,National Highway,1,0,Daylight,68
ACC1229,Sep-22,14:52,Gurugram Haryana,Minor,Bus,Foggy,Village Road,5,5,Dusk,67
ACC1230,Dec-19,00:50,Aizawl Mizoram,Serious,Truck,Clear,Urban Road,2,2,Dark,71
ACC1231,Jun-23,06:05,Gangtok Sikkim,Fatal,Pedestrian,Stormy,National Highway,8,3,Dawn,93
ACC1232,Apr-18,23:33,Muzaffarpur Bihar,Fatal,Two-Wheeler,Hazy,Village Road,10,2,Dawn,41
ACC1233,Jul-18,13:23,Raipur Chhattisgarh,Fatal,Pedestrian,Hazy,State Highway,6,0,Dawn,65
ACC1234,Aug-23,04:41,Panaji Goa,Serious,Pedestrian,Clear,Village Road,3,4,Dusk,111
ACC1235,Jul-22,08:38,Itanagar Arunachal Pradesh,Fatal,Truck,Rainy,Village Road,1,5,Dark,70
ACC1236,Jun-22,00:24,Amritsar Punjab,Serious,Bus,Hazy,State Highway,4,3,Dawn,88
ACC1237,Sep-18,12:52,Pasighat Arunachal Pradesh,Serious,Car,Foggy,State Highway,1,1,Daylight,102
ACC1238,Apr-20,04:28,Nongstoin Meghalaya,Serious,Cycle,Hazy,State Highway,6,0,Dusk,39
ACC1239,Oct-20,18:07,Puducherry Puducherry,Serious,Bus,Clear,Urban Road,8,3,Dawn,89
ACC1240,Jun-23,17:58,New Delhi Delhi,Serious,Cycle,Hazy,National Highway,10,3,Dark,73
ACC1241,Oct-22,12:20,Rohini Delhi,Minor,Pedestrian,Stormy,Village Road,10,3,Dark,70
ACC1242,Dec-21,06:39,Ludhiana Punjab,Fatal,Pedestrian,Clear,State Highway,0,2,Dawn,103
ACC1243,Jun-19,02:25,Muzaffarpur Bihar,Minor,Truck,Hazy,Village Road,9,4,Daylight,102
ACC1244,Jul-18,03:07,Siliguri West Bengal,Fatal,Car,Clear,State Highway,5,1,Dusk,98
ACC1245,Aug-21,08:07,Visakhapatnam Andhra Pradesh,Fatal,Pedestrian,Hazy,Village Road,1,2,Dawn,104
ACC1246,Dec-19,12:11,Jaipur Rajasthan,Serious,Bus,Clear,Urban Road,1,2,Dusk,45
ACC1247,Jun-21,16:55,Kochi Kerala,Serious,Pedestrian,Clear,Village Road,3,1,Dawn,108
ACC1248,May-19,15:35,Dharamshala Himachal Pradesh,Minor,Auto-Rickshaw,Rainy,Village Road,4,1,Daylight,55
ACC1249,Sep-19,12:40,Bishnupur Manipur,Fatal,Bus,Stormy,Urban Road,8,0,Daylight,90
ACC1250,May-23,20:00,Itanagar Arunachal Pradesh,Serious,Two-Wheeler,Rainy,Urban Road,3,4,Dusk,84
ACC1251,Nov-20,07:13,Visakhapatnam Andhra Pradesh,Serious,Car,Stormy,Village Road,9,0,Dark,104
ACC1252,Nov-22,01:10,Imphal Manipur,Serious,Two-Wheeler,Stormy,National Highway,1,1,Dark,104
ACC1253,Feb-21,00:37,Dharmanagar Tripura,Fatal,Truck,Stormy,National Highway,9,0,Daylight,87
ACC1254,Mar-23,00:00,Karaikal Puducherry,Serious,Car,Clear,Village Road,9,1,Dawn,37
ACC1255,Aug-21,01:37,Champhai Mizoram,Serious,Cycle,Stormy,National Highway,3,2,Dusk,35
ACC1256,Sep-22,19:41,Shillong Meghalaya,Minor,Auto-Rickshaw,Clear,State Highway,7,4,Dawn,31
ACC1257,Oct-23,14:58,Bishnupur Manipur,Serious,Car,Hazy,National Highway,7,1,Daylight,56
ACC1258,Oct-19,09:02,Shillong Meghalaya,Serious,Cycle,Hazy,State Highway,10,0,Dawn,112
ACC1259,May-21,16:28,Chandigarh Chandigarh,Minor,Two-Wheeler,Hazy,Village Road,0,5,Daylight,89
ACC1260,Apr-23,03:04,Nagpur Maharashtra,Fatal,Cycle,Rainy,National Highway,5,3,Daylight,30
ACC1261,May-22,21:05,Mangalore Karnataka,Serious,Auto-Rickshaw,Foggy,Urban Road,2,3,Dawn,98
ACC1262,Sep-18,21:46,Panipat Haryana,Serious,Cycle,Foggy,National Highway,2,3,Dawn,67
ACC1263,Aug-22,04:34,Karaikal Puducherry,Fatal,Bus,Stormy,National Highway,10,2,Dark,109
ACC1264,Dec-22,15:51,Puducherry Puducherry,Minor,Pedestrian,Foggy,Village Road,5,3,Dawn,111
ACC1265,Aug-21,10:54,Faridabad Haryana,Fatal,Car,Clear,State Highway,4,1,Dawn,36
ACC1266,Apr-19,17:42,Jamshedpur Jharkhand,Serious,Auto-Rickshaw,Stormy,Urban Road,8,0,Dawn,99
ACC1267,Feb-21,06:05,Mysore Karnataka,Serious,Two-Wheeler,Foggy,Village Road,10,2,Dawn,80
ACC1268,Aug-21,10:15,Bishnupur Manipur,Minor,Pedestrian,Hazy,State Highway,4,5,Dusk,90
ACC1269,Nov-19,20:40,Thoubal Manipur,Minor,Two-Wheeler,Hazy,Village Road,0,0,Daylight,38
ACC1270,Feb-18,07:30,Puri Odisha,Minor,Auto-Rickshaw,Rainy,Village Road,0,2,Daylight,64
ACC1271,Feb-18,08:14,Durgapur West Bengal,Fatal,Truck,Hazy,National Highway,6,0,Daylight,81
ACC1272,Feb-18,01:05,Kochi Kerala,Minor,Car,Rainy,Urban Road,4,4,Daylight,47
ACC1273,Jul-18,14:01,Anantnag Jammu and Kashmir,Fatal,Auto-Rickshaw,Rainy,Village Road,7,2,Dark,37
ACC1274,Jun-18,10:30,Rohini Delhi,Serious,Two-Wheeler,Clear,State Highway,2,1,Dark,111
ACC1275,Dec-21,16:57,Madurai Tamil Nadu,Fatal,Car,Hazy,National Highway,0,0,Dusk,111
ACC1276,Jan-23,16:53,Ambala Haryana,Minor,Auto-Rickshaw,Rainy,National Highway,0,2,Dusk,80
ACC1277,May-20,05:13,Dimapur Nagaland,Minor,Cycle,Clear,National Highway,7,3,Dark,34
ACC1278,Jun-22,19:19,Pune Maharashtra,Serious,Cycle,Rainy,Urban Road,8,5,Dusk,94
ACC1279,Jun-20,15:19,Mandi Himachal Pradesh,Fatal,Truck,Rainy,National Highway,8,4,Daylight,94
ACC1280,Sep-22,06:44,Shimla Himachal Pradesh,Fatal,Two-Wheeler,Stormy,National Highway,4,4,Dark,69
ACC1281,Aug-19,00:28,Korba Chhattisgarh,Serious,Auto-Rickshaw,Clear,Village Road,8,2,Dusk,36
ACC1282,Jul-18,22:02,Karaikal Puducherry,Serious,Pedestrian,Stormy,National Highway,2,4,Daylight,117
ACC1283,Aug-22,07:11,Surat Gujarat,Minor,Auto-Rickshaw,Clear,Urban Road,10,0,Dark,120
ACC1284,Sep-23,08:59,Chandigarh Chandigarh,Serious,Two-Wheeler,Rainy,Village Road,1,4,Dark,115
ACC1285,May-18,01:43,Ambala Haryana,Fatal,Bus,Rainy,Village Road,2,1,Dark,66
ACC1286,Oct-19,22:05,Bangalore Karnataka,Minor,Cycle,Rainy,State Highway,0,5,Dusk,90
ACC1287,Mar-20,20:15,Srinagar Jammu and Kashmir,Fatal,Two-Wheeler,Foggy,State Highway,7,3,Dark,49
ACC1288,Apr-19,06:58,Jaipur Rajasthan,Serious,Pedestrian,Foggy,National Highway,9,0,Dark,101
ACC1289,Jun-21,11:09,Siliguri West Bengal,Serious,Cycle,Foggy,State Highway,4,4,Dawn,89
ACC1290,Apr-21,17:24,Jalandhar Punjab,Minor,Two-Wheeler,Rainy,State Highway,2,0,Dawn,45
ACC1291,Jul-22,22:51,Nagpur Maharashtra,Serious,Truck,Clear,State Highway,10,2,Dawn,90
ACC1292,Jun-22,21:07,Gyalshing Sikkim,Serious,Pedestrian,Rainy,National Highway,1,0,Dusk,61
ACC1293,Mar-23,02:32,Dhanbad Jharkhand,Minor,Bus,Foggy,Urban Road,6,4,Dark,47
ACC1294,Oct-20,19:12,Karaikal Puducherry,Fatal,Auto-Rickshaw,Foggy,Village Road,8,0,Dusk,116
ACC1295,Apr-23,16:09,Coimbatore Tamil Nadu,Minor,Truck,Stormy,Urban Road,5,2,Daylight,47
ACC1296,Nov-20,17:37,Bhopal Madhya Pradesh,Minor,Pedestrian,Rainy,State Highway,9,4,Dark,43
ACC1297,Apr-22,14:30,Rourkela Odisha,Minor,Auto-Rickshaw,Rainy,Urban Road,6,3,Daylight,65
ACC1298,Aug-20,11:48,Thiruvananthapuram Kerala,Minor,Cycle,Hazy,National Highway,7,1,Dawn,82
ACC1299,Jul-18,07:37,Chandigarh Chandigarh,Fatal,Car,Hazy,Village Road,1,3,Daylight,47
ACC1300,Jun-23,03:44,Mangan Sikkim,Fatal,Bus,Hazy,Urban Road,7,1,Dusk,95
ACC1301,Nov-21,17:17,Kanpur Uttar Pradesh,Minor,Truck,Hazy,Village Road,7,3,Daylight,64
ACC1302,Nov-23,02:58,Namchi Sikkim,Serious,Auto-Rickshaw,Rainy,Urban Road,6,3,Dark,47
ACC1303,Oct-23,08:21,Haridwar Uttarakhand,Serious,Pedestrian,Stormy,Urban Road,2,2,Dawn,77
ACC1304,Dec-20,13:00,Raipur Chhattisgarh,Minor,Pedestrian,Rainy,Urban Road,1,4,Dusk,35
ACC1305,Nov-19,12:03,Bangalore Karnataka,Fatal,Cycle,Foggy,Village Road,9,1,Dark,54
ACC1306,Mar-20,14:33,Karimnagar Telangana,Fatal,Pedestrian,Stormy,Village Road,0,5,Daylight,64
ACC1307,Aug-18,23:21,Korba Chhattisgarh,Serious,Bus,Rainy,State Highway,9,2,Dark,56
ACC1308,Jun-21,10:30,Dharamshala Himachal Pradesh,Minor,Pedestrian,Rainy,Urban Road,3,1,Dusk,96
ACC1309,Aug-20,01:10,Rourkela Odisha,Minor,Pedestrian,Foggy,Village Road,7,1,Daylight,38
ACC1310,Nov-18,13:10,Itanagar Arunachal Pradesh,Fatal,Car,Stormy,National Highway,0,4,Dusk,120
ACC1311,Dec-22,00:00,New Delhi Delhi,Minor,Bus,Stormy,Village Road,2,1,Daylight,34
ACC1312,Feb-22,17:21,Anantnag Jammu and Kashmir,Minor,Car,Hazy,State Highway,2,1,Dawn,53
ACC1313,Oct-23,00:15,Kozhikode Kerala,Fatal,Auto-Rickshaw,Clear,Urban Road,0,5,Daylight,37
ACC1314,Dec-21,16:22,Mandi Himachal Pradesh,Serious,Cycle,Foggy,Urban Road,3,3,Daylight,42
ACC1315,Jun-22,16:48,Chennai Tamil Nadu,Fatal,Cycle,Hazy,State Highway,3,5,Daylight,53
ACC1316,Nov-20,03:28,Itanagar Arunachal Pradesh,Serious,Truck,Hazy,Urban Road,0,5,Dusk,35
ACC1317,Dec-22,22:36,Nagpur Maharashtra,Serious,Two-Wheeler,Foggy,State Highway,1,3,Dawn,68
ACC1318,May-21,21:33,Margao Goa,Minor,Auto-Rickshaw,Clear,Urban Road,10,5,Dawn,110
ACC1319,Feb-18,16:37,New Delhi Delhi,Fatal,Truck,Stormy,National Highway,10,5,Daylight,113
ACC1320,Oct-20,23:44,Warangal Telangana,Minor,Cycle,Foggy,National Highway,3,3,Dusk,43
ACC1321,Jan-22,19:18,Varanasi Uttar Pradesh,Minor,Bus,Rainy,National Highway,5,0,Dawn,43
ACC1322,Jul-19,01:22,Jalandhar Punjab,Minor,Two-Wheeler,Hazy,State Highway,0,3,Dusk,102
ACC1323,Apr-22,13:33,Vadodara Gujarat,Serious,Two-Wheeler,Hazy,State Highway,9,0,Daylight,89
ACC1324,Jan-20,01:48,Kohima Nagaland,Fatal,Truck,Hazy,National Highway,0,2,Daylight,101
ACC1325,Feb-20,07:59,Haridwar Uttarakhand,Fatal,Two-Wheeler,Stormy,Village Road,8,1,Daylight,45
ACC1326,Mar-18,18:47,Chandigarh Chandigarh,Serious,Car,Rainy,Village Road,5,1,Dusk,82
ACC1327,Aug-19,09:08,Nongstoin Meghalaya,Fatal,Two-Wheeler,Rainy,State Highway,6,1,Dusk,104
ACC1328,Nov-22,07:45,Mysore Karnataka,Serious,Bus,Stormy,Village Road,5,5,Dark,41
ACC1329,Dec-23,23:34,Jowai Meghalaya,Serious,Pedestrian,Stormy,Village Road,8,5,Dark,109
ACC1330,Feb-19,12:41,Ambala Haryana,Serious,Truck,Clear,Village Road,6,5,Dawn,49
ACC1331,Mar-23,22:09,Surat Gujarat,Serious,Truck,Rainy,National Highway,2,4,Dusk,31
ACC1332,Mar-22,05:20,Gangtok Sikkim,Serious,Truck,Hazy,National Highway,8,4,Dusk,31
ACC1333,Jun-19,01:33,Bokaro Jharkhand,Serious,Cycle,Foggy,National Highway,10,0,Dark,40
ACC1334,Sep-21,06:03,Margao Goa,Minor,Truck,Clear,Urban Road,1,0,Daylight,39
ACC1335,Sep-22,08:56,Hyderabad Telangana,Serious,Auto-Rickshaw,Stormy,Village Road,4,3,Dusk,31
ACC1336,Mar-22,08:06,Hyderabad Telangana,Minor,Auto-Rickshaw,Stormy,State Highway,4,5,Dusk,113
ACC1337,Mar-19,09:39,Panipat Haryana,Minor,Pedestrian,Stormy,Village Road,3,0,Dawn,90
ACC1338,Feb-21,01:47,Karaikal Puducherry,Fatal,Pedestrian,Stormy,National Highway,10,3,Dusk,67
ACC1339,Jan-18,12:07,Mapusa Goa,Fatal,Pedestrian,Hazy,Village Road,7,5,Dark,117
ACC1340,Jun-21,02:27,Vadodara Gujarat,Minor,Bus,Clear,National Highway,2,3,Dusk,118
ACC1341,Jan-22,11:42,Gurugram Haryana,Minor,Two-Wheeler,Hazy,Urban Road,9,2,Daylight,92
ACC1342,May-20,21:52,Puducherry Puducherry,Fatal,Car,Clear,State Highway,1,0,Dark,95
ACC1343,Sep-21,20:39,Bokaro Jharkhand,Serious,Car,Stormy,Village Road,3,0,Dawn,95
ACC1344,Apr-19,14:14,Margao Goa,Serious,Car,Clear,National Highway,6,5,Dark,78
ACC1345,Oct-18,15:54,Gaya Bihar,Minor,Auto-Rickshaw,Hazy,National Highway,1,2,Dusk,65
ACC1346,Feb-23,00:06,Anantnag Jammu and Kashmir,Serious,Auto-Rickshaw,Rainy,Village Road,2,1,Dawn,52
ACC1347,Feb-23,14:10,Baramulla Jammu and Kashmir,Serious,Car,Rainy,National Highway,4,1,Dark,61
ACC1348,Oct-23,07:18,Indore Madhya Pradesh,Fatal,Truck,Clear,National Highway,3,0,Dark,85
ACC1349,Mar-19,05:38,Itanagar Arunachal Pradesh,Fatal,Bus,Hazy,State Highway,9,2,Daylight,119
ACC1350,Sep-20,10:04,Kanpur Uttar Pradesh,Fatal,Truck,Hazy,State Highway,0,3,Dusk,31
ACC1351,Jun-23,08:14,Tura Meghalaya,Fatal,Pedestrian,Stormy,Village Road,0,2,Dusk,115
ACC1352,May-21,00:11,Udaipur Rajasthan,Serious,Car,Rainy,Urban Road,8,4,Dark,105
ACC1353,Mar-23,09:02,Rohini Delhi,Minor,Truck,Foggy,Urban Road,7,5,Daylight,40
ACC1354,Feb-22,14:00,Aizawl Mizoram,Serious,Truck,Clear,Village Road,8,2,Daylight,35
ACC1355,Feb-21,16:07,Mokokchung Nagaland,Minor,Truck,Foggy,Village Road,6,0,Dawn,88
ACC1356,Aug-22,22:12,Thiruvananthapuram Kerala,Minor,Truck,Hazy,Village Road,4,0,Dusk,62
ACC1357,Jul-20,19:19,Mandi Himachal Pradesh,Serious,Cycle,Stormy,Village Road,5,5,Dark,61
ACC1358,Aug-18,19:58,Roorkee Uttarakhand,Minor,Bus,Stormy,State Highway,10,2,Dusk,120
ACC1359,Oct-23,06:13,Kanpur Uttar Pradesh,Serious,Two-Wheeler,Foggy,State Highway,4,1,Dawn,120
ACC1360,Apr-20,03:34,Champhai Mizoram,Fatal,Bus,Stormy,Village Road,9,5,Dusk,120
ACC1361,May-21,05:25,Pasighat Arunachal Pradesh,Fatal,Two-Wheeler,Hazy,Urban Road,7,5,Daylight,33
ACC1362,Jul-20,23:36,Mokokchung Nagaland,Fatal,Bus,Clear,State Highway,6,1,Dawn,106
ACC1363,Dec-19,06:39,Bhagalpur Bihar,Fatal,Bus,Hazy,Urban Road,8,0,Dusk,74
ACC1364,Apr-20,23:54,Dwarka Delhi,Minor,Auto-Rickshaw,Foggy,Urban Road,9,0,Dawn,79
ACC1365,May-22,22:25,Patiala Punjab,Serious,Pedestrian,Foggy,National Highway,7,5,Dusk,69
ACC1366,May-22,07:15,Chandigarh Chandigarh,Minor,Pedestrian,Stormy,State Highway,1,3,Dark,73
ACC1367,Nov-19,02:15,Kolkata West Bengal,Serious,Two-Wheeler,Rainy,National Highway,7,2,Dawn,71
ACC1368,Jul-20,17:40,Bokaro Jharkhand,Fatal,Car,Foggy,Urban Road,0,2,Daylight,38
ACC1369,Jan-19,18:48,Dharmanagar Tripura,Fatal,Cycle,Stormy,National Highway,2,5,Dark,97
ACC1370,Oct-18,19:23,Coimbatore Tamil Nadu,Serious,Bus,Foggy,State Highway,2,1,Dawn,59
ACC1371,Jun-18,00:37,Vasco da Gama Goa,Minor,Car,Clear,Village Road,10,5,Dark,86
ACC1372,Dec-19,12:58,Chandigarh Chandigarh,Minor,Cycle,Rainy,Urban Road,6,4,Daylight,103
ACC1373,Mar-20,17:12,Panipat Haryana,Serious,Pedestrian,Rainy,Urban Road,8,5,Dawn,113
ACC1374,Aug-21,13:19,Mokokchung Nagaland,Minor,Cycle,Stormy,Village Road,7,0,Daylight,103
ACC1375,Jan-21,05:52,Puri Odisha,Fatal,Pedestrian,Rainy,State Highway,1,0,Dark,41
ACC1376,Jul-19,07:25,Ahmedabad Gujarat,Minor,Bus,Rainy,National Highway,10,0,Daylight,35
ACC1377,Aug-20,03:59,Panipat Haryana,Fatal,Car,Foggy,State Highway,3,5,Dawn,38
ACC1378,Apr-21,15:39,Shillong Meghalaya,Serious,Cycle,Hazy,Village Road,3,0,Dawn,42
ACC1379,Oct-19,13:54,Jammu Jammu and Kashmir,Serious,Truck,Clear,Urban Road,7,2,Dawn,103
ACC1380,Jan-18,11:11,Kolkata West Bengal,Serious,Pedestrian,Clear,National Highway,2,3,Dawn,31
ACC1381,Apr-18,19:54,Dharmanagar Tripura,Serious,Two-Wheeler,Clear,Urban Road,2,3,Dawn,110
ACC1382,May-18,17:21,Margao Goa,Minor,Truck,Stormy,Village Road,4,2,Dusk,41
ACC1383,Jul-21,15:59,Itanagar Arunachal Pradesh,Minor,Auto-Rickshaw,Hazy,National Highway,5,3,Dawn,51
ACC1384,Nov-23,18:19,Siliguri West Bengal,Serious,Car,Hazy,National Highway,7,4,Dawn,70
ACC1385,Oct-20,07:21,Vadodara Gujarat,Serious,Bus,Hazy,State Highway,2,3,Dusk,42
ACC1386,Feb-21,15:04,Bhagalpur Bihar,Serious,Car,Stormy,National Highway,8,0,Dusk,32
ACC1387,Dec-20,22:13,Solan Himachal Pradesh,Minor,Car,Stormy,State Highway,0,2,Dawn,105
ACC1388,May-18,03:36,Ambala Haryana,Serious,Car,Hazy,National Highway,8,0,Dusk,35
ACC1389,Sep-22,23:52,Thoubal Manipur,Serious,Auto-Rickshaw,Hazy,Village Road,8,3,Dawn,64
ACC1390,Dec-21,02:43,Chennai Tamil Nadu,Fatal,Auto-Rickshaw,Stormy,Urban Road,5,4,Dusk,31
ACC1391,Dec-18,23:01,Chandigarh Chandigarh,Serious,Cycle,Stormy,National Highway,4,2,Daylight,78
ACC1392,Jan-22,05:04,Bhilai Chhattisgarh,Serious,Car,Clear,National Highway,5,4,Daylight,105
ACC1393,Jun-20,06:17,Panaji Goa,Minor,Pedestrian,Rainy,National Highway,8,4,Dawn,100
ACC1394,Oct-22,04:10,Mandi Himachal Pradesh,Fatal,Truck,Foggy,Urban Road,6,1,Daylight,70
ACC1395,Apr-20,10:19,Coimbatore Tamil Nadu,Fatal,Auto-Rickshaw,Rainy,Village Road,1,5,Dawn,73
ACC1396,Feb-22,06:08,Itanagar Arunachal Pradesh,Serious,Car,Foggy,Village Road,5,4,Dark,47
ACC1397,Aug-19,22:40,Dwarka Delhi,Serious,Auto-Rickshaw,Clear,Village Road,10,2,Dusk,97
ACC1398,May-21,10:02,Rourkela Odisha,Minor,Auto-Rickshaw,Stormy,Urban Road,10,4,Dawn,57
ACC1399,May-21,10:18,Mysore Karnataka,Minor,Cycle,Clear,Urban Road,5,3,Dark,53
ACC1400,Aug-18,13:30,Lunglei Mizoram,Fatal,Car,Foggy,Urban Road,0,5,Dark,114
ACC1401,Oct-19,17:33,Kohima Nagaland,Fatal,Truck,Hazy,State Highway,3,5,Dawn,34
ACC1402,Jan-23,16:13,Nizamabad Telangana,Serious,Car,Foggy,State Highway,10,3,Dark,102
ACC1403,Jun-21,03:26,Karaikal Puducherry,Fatal,Bus,Foggy,Urban Road,3,4,Dark,103
ACC1404,Nov-21,14:28,Gurugram Haryana,Minor,Auto-Rickshaw,Rainy,National Highway,2,2,Daylight,37
ACC1405,Apr-20,21:30,Puducherry Puducherry,Serious,Cycle,Hazy,Village Road,7,5,Dusk,54
ACC1406,May-23,14:43,Champhai Mizoram,Serious,Car,Stormy,National Highway,8,5,Dusk,100
ACC1407,Mar-22,04:25,Thrissur Kerala,Fatal,Auto-Rickshaw,Stormy,State Highway,9,2,Dusk,96
ACC1408,Jan-19,05:48,Puducherry Puducherry,Minor,Truck,Foggy,Urban Road,9,1,Dawn,103
ACC1409,Jan-19,09:37,Guwahati Assam,Serious,Two-Wheeler,Rainy,Village Road,3,5,Daylight,118
ACC1410,May-23,00:21,Shillong Meghalaya,Fatal,Two-Wheeler,Hazy,State Highway,4,0,Dark,37
ACC1411,Mar-22,16:11,Shimla Himachal Pradesh,Fatal,Bus,Hazy,Village Road,1,3,Daylight,45
ACC1412,Jun-20,03:25,Jaipur Rajasthan,Fatal,Truck,Stormy,State Highway,0,4,Daylight,43
ACC1413,Aug-22,02:40,Panaji Goa,Fatal,Cycle,Foggy,Urban Road,3,0,Dusk,71
ACC1414,Sep-22,20:40,Panipat Haryana,Serious,Pedestrian,Clear,State Highway,2,4,Dark,60
ACC1415,Aug-19,07:39,Jodhpur Rajasthan,Fatal,Car,Clear,State Highway,5,2,Daylight,67
ACC1416,Jan-20,11:39,Haridwar Uttarakhand,Minor,Pedestrian,Foggy,State Highway,5,0,Dusk,70
ACC1417,Feb-18,09:45,Panaji Goa,Minor,Truck,Foggy,Urban Road,0,5,Dark,110
ACC1418,Jan-23,19:53,Chandigarh Chandigarh,Serious,Cycle,Hazy,Urban Road,1,2,Dawn,67
ACC1419,Jun-22,19:09,Panipat Haryana,Fatal,Pedestrian,Hazy,Urban Road,3,0,Dusk,39
ACC1420,Sep-19,04:58,Jalandhar Punjab,Fatal,Truck,Stormy,National Highway,5,4,Dawn,43
ACC1421,Mar-23,08:29,Jowai Meghalaya,Fatal,Truck,Rainy,State Highway,3,0,Dawn,43
ACC1422,Jan-18,05:07,Jalandhar Punjab,Minor,Truck,Rainy,State Highway,2,1,Dark,62
ACC1423,Aug-22,14:25,Panipat Haryana,Minor,Cycle,Foggy,National Highway,5,5,Dusk,110
ACC1424,May-19,03:07,Karaikal Puducherry,Minor,Car,Hazy,National Highway,9,4,Daylight,89
ACC1425,Jul-18,13:16,Agartala Tripura,Minor,Cycle,Clear,State Highway,2,1,Daylight,117
ACC1426,Nov-23,06:42,Imphal Manipur,Minor,Cycle,Clear,State Highway,7,1,Dusk,59
ACC1427,Jul-21,17:03,Pasighat Arunachal Pradesh,Minor,Auto-Rickshaw,Rainy,Urban Road,10,2,Dawn,112
ACC1428,Dec-20,05:07,Dwarka Delhi,Minor,Auto-Rickshaw,Clear,State Highway,1,0,Dusk,103
ACC1429,Mar-18,04:27,Amritsar Punjab,Serious,Truck,Rainy,National Highway,1,4,Dawn,32
ACC1430,Apr-19,16:18,Margao Goa,Fatal,Car,Clear,Village Road,6,0,Dawn,80
ACC1431,Sep-18,11:03,Panaji Goa,Fatal,Auto-Rickshaw,Foggy,National Highway,6,4,Dusk,71
ACC1432,Dec-19,02:32,Jamshedpur Jharkhand,Serious,Pedestrian,Hazy,Village Road,4,3,Dark,62
ACC1433,Oct-20,09:51,Madurai Tamil Nadu,Minor,Car,Rainy,Urban Road,4,3,Daylight,57
ACC1434,Oct-20,23:30,Dibrugarh Assam,Minor,Cycle,Foggy,State Highway,8,1,Daylight,119
ACC1435,Oct-23,07:49,Thrissur Kerala,Serious,Bus,Hazy,Urban Road,8,3,Dark,119
ACC1436,Jun-22,03:52,Karaikal Puducherry,Fatal,Cycle,Stormy,State Highway,2,0,Dawn,31
ACC1437,Jul-22,06:37,Ranchi Jharkhand,Serious,Car,Foggy,National Highway,2,2,Dawn,120
ACC1438,Sep-18,02:28,Lunglei Mizoram,Fatal,Bus,Hazy,State Highway,1,1,Dawn,34
ACC1439,Nov-19,07:28,Haldwani Uttarakhand,Serious,Pedestrian,Foggy,National Highway,2,3,Daylight,85
ACC1440,Nov-22,15:24,Thoubal Manipur,Fatal,Bus,Rainy,Village Road,7,5,Dark,98
ACC1441,Jan-19,08:06,Patiala Punjab,Serious,Bus,Clear,Village Road,1,2,Dusk,110
ACC1442,Jun-19,01:51,Karaikal Puducherry,Fatal,Pedestrian,Stormy,State Highway,2,0,Daylight,86
ACC1443,Jan-21,14:53,Agartala Tripura,Serious,Bus,Rainy,Urban Road,9,1,Daylight,103
ACC1444,Jun-19,06:17,Karimnagar Telangana,Serious,Cycle,Clear,State Highway,0,4,Dark,81
ACC1445,Sep-18,06:57,Dimapur Nagaland,Serious,Truck,Stormy,Village Road,7,1,Dawn,98
ACC1446,Feb-21,16:31,Patna Bihar,Fatal,Pedestrian,Rainy,Urban Road,2,5,Daylight,93
ACC1447,Jun-20,20:34,Kochi Kerala,Serious,Auto-Rickshaw,Clear,National Highway,9,5,Dawn,53
ACC1448,Aug-23,19:23,Srinagar Jammu and Kashmir,Fatal,Cycle,Clear,Village Road,6,4,Dark,117
ACC1449,Feb-18,17:39,Champhai Mizoram,Minor,Truck,Hazy,Urban Road,0,4,Daylight,112
ACC1450,Mar-19,04:07,Lucknow Uttar Pradesh,Fatal,Cycle,Foggy,National Highway,10,3,Dusk,56
ACC1451,Mar-22,05:09,Tirupati Andhra Pradesh,Fatal,Auto-Rickshaw,Hazy,National Highway,4,5,Daylight,92
ACC1452,Jul-19,00:19,Dehradun Uttarakhand,Fatal,Pedestrian,Clear,National Highway,0,4,Dusk,108
ACC1453,Jan-20,11:32,Karaikal Puducherry,Fatal,Car,Hazy,National Highway,2,5,Dark,75
ACC1454,Mar-21,05:26,Rohini Delhi,Minor,Auto-Rickshaw,Clear,Village Road,0,4,Dusk,72
ACC1455,May-23,01:25,Itanagar Arunachal Pradesh,Serious,Cycle,Hazy,National Highway,4,1,Daylight,70
ACC1456,Mar-18,06:42,Dehradun Uttarakhand,Fatal,Bus,Clear,State Highway,4,4,Daylight,79
ACC1457,Feb-20,18:11,Gangtok Sikkim,Fatal,Cycle,Hazy,State Highway,3,4,Dawn,92
ACC1458,Sep-18,04:50,Kanpur Uttar Pradesh,Minor,Two-Wheeler,Foggy,Urban Road,3,5,Dark,45
ACC1459,Jul-19,09:06,Kanpur Uttar Pradesh,Fatal,Two-Wheeler,Clear,Village Road,5,0,Dawn,111
ACC1460,Aug-21,13:53,Thiruvananthapuram Kerala,Fatal,Auto-Rickshaw,Clear,National Highway,1,4,Dark,116
ACC1461,Mar-20,08:57,Tura Meghalaya,Minor,Two-Wheeler,Stormy,State Highway,0,0,Daylight,39
ACC1462,Nov-22,09:38,Imphal Manipur,Serious,Truck,Stormy,Village Road,1,3,Dark,83
ACC1463,Jul-23,01:07,Namchi Sikkim,Fatal,Cycle,Clear,National Highway,6,3,Dawn,104
ACC1464,Jun-18,05:40,Amritsar Punjab,Serious,Auto-Rickshaw,Clear,Village Road,2,1,Dawn,74
ACC1465,Mar-20,16:18,Agartala Tripura,Serious,Truck,Stormy,State Highway,8,0,Dusk,48
ACC1466,Sep-19,04:03,Lunglei Mizoram,Serious,Pedestrian,Stormy,Urban Road,4,1,Dusk,37
ACC1467,Dec-19,16:07,Dharamshala Himachal Pradesh,Serious,Auto-Rickshaw,Stormy,National Highway,5,0,Dawn,81
ACC1468,Jun-20,21:02,Naharlagun Arunachal Pradesh,Serious,Truck,Foggy,National Highway,1,0,Dark,54
ACC1469,Jan-18,07:01,Srinagar Jammu and Kashmir,Fatal,Truck,Stormy,National Highway,8,0,Dawn,34
ACC1470,Jun-21,07:18,Solan Himachal Pradesh,Fatal,Pedestrian,Foggy,Urban Road,5,2,Dawn,105
ACC1471,Sep-21,23:19,Kochi Kerala,Serious,Car,Stormy,State Highway,5,5,Daylight,73
ACC1472,Dec-20,06:33,Vijayawada Andhra Pradesh,Minor,Bus,Stormy,State Highway,8,1,Daylight,115
ACC1473,Jun-18,09:20,Mumbai Maharashtra,Minor,Pedestrian,Stormy,National Highway,1,1,Dawn,40
ACC1474,Nov-18,13:07,Ahmedabad Gujarat,Minor,Two-Wheeler,Hazy,Urban Road,0,2,Dawn,107
ACC1475,Jun-22,17:39,Naharlagun Arunachal Pradesh,Fatal,Auto-Rickshaw,Rainy,Urban Road,6,3,Dusk,114
ACC1476,Apr-18,07:47,Udaipur Rajasthan,Minor,Pedestrian,Hazy,Village Road,8,5,Daylight,36
ACC1477,Apr-20,06:03,Kohima Nagaland,Serious,Two-Wheeler,Rainy,State Highway,1,2,Dusk,57
ACC1478,Jun-18,07:50,Imphal Manipur,Fatal,Cycle,Hazy,State Highway,1,3,Daylight,98
ACC1479,Aug-20,02:14,Surat Gujarat,Serious,Cycle,Clear,Village Road,6,3,Dawn,41
ACC1480,Nov-23,19:26,Jaipur Rajasthan,Serious,Auto-Rickshaw,Rainy,National Highway,7,1,Daylight,86
ACC1481,Jan-22,22:08,Hyderabad Telangana,Minor,Auto-Rickshaw,Stormy,Urban Road,4,0,Dawn,64
ACC1482,Jan-23,09:54,Thrissur Kerala,Fatal,Cycle,Hazy,Village Road,8,1,Dark,113
ACC1483,Sep-20,10:05,Gyalshing Sikkim,Serious,Bus,Hazy,Urban Road,0,4,Dawn,118
ACC1484,Jan-21,07:47,Jamshedpur Jharkhand,Minor,Two-Wheeler,Stormy,State Highway,8,4,Daylight,71
ACC1485,Nov-18,07:52,Ludhiana Punjab,Fatal,Pedestrian,Hazy,Urban Road,9,4,Dusk,38
ACC1486,Oct-18,09:29,Rohini Delhi,Fatal,Bus,Clear,State Highway,5,0,Daylight,31
ACC1487,Apr-22,01:08,Jamshedpur Jharkhand,Fatal,Car,Foggy,State Highway,9,1,Dusk,95
ACC1488,Jul-20,01:31,Ambala Haryana,Minor,Cycle,Rainy,Urban Road,9,2,Dark,41
ACC1489,Feb-22,06:50,Thrissur Kerala,Minor,Two-Wheeler,Rainy,State Highway,5,0,Dawn,103
ACC1490,Jun-21,10:57,Bhopal Madhya Pradesh,Serious,Pedestrian,Foggy,State Highway,4,4,Dawn,105
ACC1491,Dec-19,12:36,Bokaro Jharkhand,Minor,Truck,Clear,State Highway,1,2,Daylight,95
ACC1492,May-22,14:01,Chandigarh Chandigarh,Minor,Two-Wheeler,Hazy,National Highway,8,1,Daylight,74
ACC1493,Dec-23,05:53,Jaipur Rajasthan,Fatal,Pedestrian,Hazy,National Highway,5,1,Dark,41
ACC1494,Nov-20,05:47,Jodhpur Rajasthan,Minor,Car,Hazy,Urban Road,5,2,Dark,86
ACC1495,Feb-22,12:49,Mysore Karnataka,Fatal,Bus,Hazy,State Highway,0,0,Dark,37
ACC1496,Dec-21,05:47,Rohini Delhi,Serious,Two-Wheeler,Foggy,Village Road,8,0,Dusk,103
ACC1497,Jan-20,13:04,Vadodara Gujarat,Serious,Car,Hazy,State Highway,8,1,Daylight,48
ACC1498,Jan-18,16:51,Chandigarh Chandigarh,Serious,Two-Wheeler,Clear,National Highway,9,3,Dusk,114
ACC1499,Oct-22,21:56,Hyderabad Telangana,Fatal,Bus,Rainy,State Highway,0,1,Dark,43
ACC1500,Dec-19,03:10,Thrissur Kerala,Serious,Two-Wheeler,Foggy,Village Road,8,4,Daylight,82
ACC1501,Oct-23,21:37,Mumbai Maharashtra,Minor,Auto-Rickshaw,Stormy,Village Road,7,1,Dark,32
ACC1502,Sep-18,19:32,Varanasi Uttar Pradesh,Minor,Cycle,Stormy,Village Road,1,5,Dusk,109
ACC1503,Feb-21,14:26,Kanpur Uttar Pradesh,Serious,Two-Wheeler,Stormy,National Highway,1,1,Dawn,48
ACC1504,Jun-21,22:28,Vadodara Gujarat,Fatal,Cycle,Foggy,Village Road,2,3,Dusk,41
ACC1505,Dec-18,05:56,Bhagalpur Bihar,Fatal,Bus,Rainy,State Highway,10,1,Dawn,100
ACC1506,Feb-19,21:18,Dharmanagar Tripura,Minor,Pedestrian,Foggy,Village Road,2,5,Dusk,99
ACC1507,Mar-22,19:27,Haldwani Uttarakhand,Fatal,Bus,Foggy,Urban Road,5,1,Daylight,72
ACC1508,Oct-21,03:37,Bishnupur Manipur,Fatal,Cycle,Clear,Village Road,9,0,Dawn,65
ACC1509,Apr-19,17:59,Jalandhar Punjab,Minor,Auto-Rickshaw,Foggy,Urban Road,4,1,Dusk,110
ACC1510,Jul-18,00:13,Ambala Haryana,Fatal,Car,Rainy,State Highway,9,3,Dawn,40
ACC1511,May-20,03:20,Udaipur Rajasthan,Fatal,Two-Wheeler,Stormy,National Highway,2,5,Dusk,59
ACC1512,Feb-18,17:10,Surat Gujarat,Fatal,Bus,Rainy,Urban Road,5,0,Dawn,75
ACC1513,Mar-20,18:13,Bhagalpur Bihar,Minor,Auto-Rickshaw,Foggy,Urban Road,6,2,Dark,81
ACC1514,Apr-18,12:55,Cuttack Odisha,Fatal,Auto-Rickshaw,Rainy,Village Road,1,5,Dark,78
ACC1515,Jun-19,22:00,Guwahati Assam,Fatal,Pedestrian,Foggy,Village Road,2,0,Dark,68
ACC1516,Mar-21,23:06,Puri Odisha,Serious,Auto-Rickshaw,Rainy,State Highway,5,5,Dawn,48
ACC1517,Dec-20,05:04,Jalandhar Punjab,Minor,Two-Wheeler,Rainy,Village Road,3,5,Dawn,44
ACC1518,Jan-20,03:43,Thoubal Manipur,Minor,Truck,Hazy,Village Road,7,2,Daylight,116
ACC1519,Aug-23,16:17,Ranchi Jharkhand,Minor,Auto-Rickshaw,Hazy,Village Road,1,3,Dusk,77
ACC1520,Jan-19,08:39,Hyderabad Telangana,Serious,Two-Wheeler,Stormy,Urban Road,4,4,Daylight,54
ACC1521,Jun-18,10:36,Surat Gujarat,Serious,Auto-Rickshaw,Foggy,National Highway,0,5,Dark,57
ACC1522,May-18,03:28,Tirupati Andhra Pradesh,Serious,Two-Wheeler,Hazy,Village Road,2,0,Daylight,38
ACC1523,Dec-21,17:16,Gaya Bihar,Fatal,Car,Foggy,Urban Road,3,0,Dark,106
ACC1524,Sep-20,07:06,Coimbatore Tamil Nadu,Fatal,Bus,Hazy,Urban Road,7,1,Dawn,81
ACC1525,Jul-22,20:23,Imphal Manipur,Serious,Truck,Hazy,Urban Road,0,5,Daylight,50
ACC1526,Apr-18,16:34,Pasighat Arunachal Pradesh,Minor,Two-Wheeler,Stormy,State Highway,3,3,Dawn,85
ACC1527,Apr-19,13:17,Margao Goa,Minor,Auto-Rickshaw,Hazy,State Highway,8,0,Dark,99
ACC1528,Oct-19,14:16,Vadodara Gujarat,Minor,Car,Rainy,State Highway,5,0,Daylight,33
ACC1529,Dec-21,02:30,Jorhat Assam,Fatal,Truck,Clear,Urban Road,2,2,Daylight,85
ACC1530,Dec-18,12:21,Jodhpur Rajasthan,Minor,Car,Hazy,State Highway,7,3,Dark,43
ACC1531,Jun-22,05:45,Ahmedabad Gujarat,Minor,Pedestrian,Rainy,Village Road,9,1,Daylight,82
ACC1532,Oct-21,06:56,Srinagar Jammu and Kashmir,Minor,Pedestrian,Stormy,National Highway,5,5,Daylight,93
ACC1533,Jan-22,17:34,Bishnupur Manipur,Fatal,Cycle,Hazy,Urban Road,10,3,Daylight,64
ACC1534,Dec-19,12:15,Imphal Manipur,Fatal,Truck,Hazy,Urban Road,3,2,Dusk,46
ACC1535,Apr-21,06:00,Shimla Himachal Pradesh,Minor,Auto-Rickshaw,Hazy,Urban Road,9,2,Daylight,78
ACC1536,Jun-22,02:00,Ranchi Jharkhand,Serious,Bus,Clear,National Highway,6,2,Dawn,60
ACC1537,Apr-20,03:44,Rohini Delhi,Fatal,Bus,Foggy,State Highway,2,5,Daylight,58
ACC1538,Dec-20,20:34,Shillong Meghalaya,Serious,Auto-Rickshaw,Foggy,Village Road,8,4,Dawn,75
ACC1539,Jan-22,20:34,Amritsar Punjab,Minor,Bus,Stormy,State Highway,9,2,Daylight,42
ACC1540,Jun-19,23:32,Ranchi Jharkhand,Serious,Truck,Rainy,National Highway,4,4,Daylight,76
ACC1541,Sep-19,08:21,Nizamabad Telangana,Fatal,Cycle,Rainy,Village Road,2,0,Dawn,113
ACC1542,Jul-20,12:31,Karimnagar Telangana,Serious,Pedestrian,Foggy,Village Road,7,5,Dawn,69
ACC1543,May-21,22:43,Jammu Jammu and Kashmir,Fatal,Bus,Clear,National Highway,5,1,Dusk,30
ACC1544,Aug-22,04:24,Jaipur Rajasthan,Minor,Pedestrian,Clear,State Highway,4,4,Dark,107
ACC1545,Sep-20,16:43,Mandi Himachal Pradesh,Minor,Pedestrian,Stormy,Urban Road,2,0,Daylight,60
ACC1546,Sep-20,21:52,Ranchi Jharkhand,Minor,Truck,Foggy,Urban Road,0,1,Daylight,119
ACC1547,Sep-23,09:46,Mandi Himachal Pradesh,Fatal,Pedestrian,Foggy,Village Road,5,0,Daylight,43
ACC1548,Jun-20,06:01,Jalandhar Punjab,Minor,Cycle,Hazy,Village Road,5,5,Dawn,108
ACC1549,Jun-21,17:21,Dwarka Delhi,Serious,Bus,Hazy,Village Road,10,4,Dusk,38
ACC1550,Dec-22,22:34,Gangtok Sikkim,Minor,Auto-Rickshaw,Rainy,Village Road,8,0,Daylight,87
ACC1551,Feb-20,20:55,Patna Bihar,Serious,Truck,Foggy,Village Road,7,2,Dusk,58
ACC1552,Mar-18,02:43,Thiruvananthapuram Kerala,Fatal,Auto-Rickshaw,Stormy,Urban Road,10,1,Dusk,112
ACC1553,Dec-19,14:41,Mapusa Goa,Serious,Cycle,Stormy,State Highway,0,3,Dusk,92
ACC1554,Aug-20,07:07,Mysore Karnataka,Minor,Truck,Stormy,State Highway,2,1,Daylight,107
ACC1555,Feb-20,01:57,Vasco da Gama Goa,Serious,Cycle,Clear,State Highway,10,2,Dark,102
ACC1556,May-22,11:16,Mangan Sikkim,Minor,Two-Wheeler,Stormy,National Highway,7,1,Dark,66
ACC1557,Feb-22,06:00,Kohima Nagaland,Minor,Truck,Clear,National Highway,10,4,Dawn,87
ACC1558,Dec-20,01:35,Nongstoin Meghalaya,Fatal,Car,Stormy,State Highway,6,3,Dark,56
ACC1559,Mar-22,22:32,Ambala Haryana,Serious,Auto-Rickshaw,Stormy,Urban Road,9,4,Dawn,120
ACC1560,Oct-23,05:28,Mangan Sikkim,Serious,Pedestrian,Clear,Urban Road,1,4,Dawn,64
ACC1561,Sep-22,11:09,Warangal Telangana,Minor,Cycle,Rainy,Village Road,3,5,Dark,59
ACC1562,Apr-22,07:34,Thoubal Manipur,Serious,Truck,Rainy,Village Road,4,1,Dawn,59
ACC1563,Apr-22,07:32,Coimbatore Tamil Nadu,Serious,Bus,Hazy,Urban Road,1,4,Dark,34
ACC1564,Jul-21,15:42,Jalandhar Punjab,Serious,Two-Wheeler,Foggy,Urban Road,6,2,Dawn,88
ACC1565,Mar-19,03:58,Bokaro Jharkhand,Fatal,Truck,Hazy,Urban Road,7,2,Dawn,106
ACC1566,Jan-20,13:35,Champhai Mizoram,Minor,Pedestrian,Clear,Urban Road,8,2,Dusk,115
ACC1567,May-23,17:30,Kochi Kerala,Serious,Two-Wheeler,Rainy,Urban Road,5,3,Dark,89
ACC1568,Dec-21,19:59,Gangtok Sikkim,Serious,Truck,Stormy,Urban Road,2,4,Daylight,69
ACC1569,Oct-23,05:08,Puducherry Puducherry,Minor,Bus,Stormy,National Highway,2,1,Daylight,119
ACC1570,Aug-23,08:51,Thoubal Manipur,Serious,Truck,Stormy,Village Road,1,0,Dark,102
ACC1571,Jul-20,10:22,Jalandhar Punjab,Fatal,Cycle,Hazy,National Highway,7,0,Dawn,101
ACC1572,Apr-18,14:41,Bhopal Madhya Pradesh,Fatal,Truck,Stormy,Village Road,8,1,Dusk,80
ACC1573,Oct-22,01:45,Dharamshala Himachal Pradesh,Serious,Bus,Hazy,National Highway,2,2,Dark,94
ACC1574,Oct-20,14:17,Surat Gujarat,Fatal,Pedestrian,Stormy,State Highway,8,4,Daylight,55
ACC1575,Apr-20,12:19,Panaji Goa,Minor,Car,Foggy,National Highway,7,4,Dawn,73
ACC1576,Oct-21,02:31,Mysore Karnataka,Serious,Two-Wheeler,Stormy,Village Road,7,2,Dark,67
ACC1577,Jul-19,21:14,Warangal Telangana,Minor,Truck,Rainy,Urban Road,10,1,Dark,72
ACC1578,Mar-21,15:23,Jodhpur Rajasthan,Fatal,Cycle,Foggy,Urban Road,10,0,Dusk,114
ACC1579,Sep-18,15:01,Naharlagun Arunachal Pradesh,Fatal,Bus,Stormy,Urban Road,0,1,Dusk,37
ACC1580,Dec-18,16:28,Tura Meghalaya,Serious,Car,Clear,Village Road,3,0,Daylight,73
ACC1581,Jul-20,13:46,Dharamshala Himachal Pradesh,Serious,Bus,Stormy,Urban Road,10,1,Dusk,100
ACC1582,Apr-23,18:27,Srinagar Jammu and Kashmir,Fatal,Bus,Clear,National Highway,3,1,Dawn,32
ACC1583,Jan-20,03:52,Raipur Chhattisgarh,Minor,Pedestrian,Hazy,State Highway,5,4,Dark,38
ACC1584,Jan-22,22:53,Dwarka Delhi,Minor,Truck,Hazy,Village Road,10,5,Dusk,104
ACC1585,Apr-19,10:56,Puducherry Puducherry,Serious,Bus,Clear,State Highway,6,2,Dark,96
ACC1586,Nov-19,00:37,Dwarka Delhi,Serious,Auto-Rickshaw,Stormy,National Highway,6,1,Daylight,91
ACC1587,Dec-20,14:03,Jamshedpur Jharkhand,Serious,Car,Rainy,State Highway,3,3,Daylight,63
ACC1588,Jun-19,15:46,New Delhi Delhi,Minor,Bus,Rainy,State Highway,2,5,Dusk,118
ACC1589,Oct-19,20:34,Visakhapatnam Andhra Pradesh,Minor,Car,Stormy,Urban Road,3,5,Daylight,55
ACC1590,Sep-20,00:37,Amritsar Punjab,Fatal,Bus,Rainy,Urban Road,0,5,Dark,90
ACC1591,Jan-20,21:32,Gangtok Sikkim,Serious,Auto-Rickshaw,Foggy,Urban Road,5,1,Dawn,75
ACC1592,Jan-18,19:53,Udaipur Rajasthan,Fatal,Two-Wheeler,Clear,Village Road,5,3,Daylight,95
ACC1593,Dec-22,12:29,Varanasi Uttar Pradesh,Minor,Truck,Hazy,Village Road,10,4,Dusk,117
ACC1594,Dec-19,01:03,Korba Chhattisgarh,Serious,Auto-Rickshaw,Stormy,National Highway,1,0,Dark,77
ACC1595,Oct-21,03:39,Varanasi Uttar Pradesh,Fatal,Pedestrian,Stormy,National Highway,8,0,Dawn,75
ACC1596,Apr-19,00:14,Nizamabad Telangana,Minor,Cycle,Stormy,Urban Road,8,1,Dusk,95
ACC1597,Sep-19,10:10,Lunglei Mizoram,Serious,Auto-Rickshaw,Hazy,Urban Road,4,1,Dark,57
ACC1598,Jul-20,16:37,Jamshedpur Jharkhand,Serious,Cycle,Clear,Urban Road,0,0,Dawn,87
ACC1599,Feb-22,00:25,Bangalore Karnataka,Minor,Cycle,Rainy,National Highway,0,5,Dusk,72
ACC1600,Feb-21,04:22,Jowai Meghalaya,Fatal,Truck,Hazy,Village Road,7,2,Dark,70
ACC1601,Nov-19,10:51,Chandigarh Chandigarh,Minor,Cycle,Foggy,Urban Road,4,4,Dusk,39
ACC1602,Jul-22,13:15,Roorkee Uttarakhand,Fatal,Truck,Hazy,Village Road,8,2,Dusk,98
ACC1603,Oct-20,03:11,Udaipur Tripura,Minor,Truck,Hazy,Village Road,2,5,Daylight,119
ACC1604,Nov-19,08:01,Namchi Sikkim,Serious,Auto-Rickshaw,Foggy,Village Road,4,5,Daylight,68
ACC1605,Aug-23,08:19,Rourkela Odisha,Fatal,Two-Wheeler,Foggy,Village Road,8,1,Daylight,112
ACC1606,Nov-20,05:40,Cuttack Odisha,Minor,Car,Clear,Urban Road,2,5,Dark,77
ACC1607,Apr-20,13:29,Faridabad Haryana,Serious,Cycle,Rainy,Urban Road,6,5,Dusk,36
ACC1608,May-19,22:18,Dhanbad Jharkhand,Minor,Pedestrian,Hazy,National Highway,2,5,Dark,80
ACC1609,Jul-19,10:00,Margao Goa,Minor,Two-Wheeler,Rainy,Village Road,5,4,Dusk,80
ACC1610,Mar-19,15:53,Udaipur Rajasthan,Minor,Cycle,Hazy,Village Road,2,0,Dawn,53
ACC1611,Oct-20,21:01,Udaipur Rajasthan,Minor,Auto-Rickshaw,Foggy,National Highway,4,1,Dark,31
ACC1612,Apr-21,05:32,Imphal Manipur,Fatal,Car,Rainy,Urban Road,3,0,Daylight,74
ACC1613,Jul-21,09:58,Udaipur Rajasthan,Minor,Two-Wheeler,Clear,Village Road,8,5,Dawn,107
ACC1614,Jan-18,21:50,Puducherry Puducherry,Fatal,Auto-Rickshaw,Clear,National Highway,5,3,Dusk,95
ACC1615,Dec-19,13:08,Visakhapatnam Andhra Pradesh,Fatal,Truck,Stormy,Village Road,3,1,Dusk,81
ACC1616,Nov-19,19:43,Chandigarh Chandigarh,Serious,Car,Foggy,State Highway,10,3,Dusk,56
ACC1617,Feb-20,13:28,Ludhiana Punjab,Fatal,Two-Wheeler,Rainy,Village Road,7,4,Daylight,62
ACC1618,Jul-22,07:31,Kochi Kerala,Fatal,Cycle,Rainy,Village Road,5,1,Dusk,43
ACC1619,Sep-22,12:07,Agartala Tripura,Minor,Truck,Stormy,Urban Road,0,2,Daylight,117
ACC1620,Mar-22,23:47,New Delhi Delhi,Minor,Pedestrian,Stormy,Urban Road,2,0,Dusk,45
ACC1621,Feb-21,09:52,Bilaspur Chhattisgarh,Fatal,Cycle,Rainy,National Highway,3,3,Dark,119
ACC1622,Sep-23,20:48,Thrissur Kerala,Fatal,Truck,Hazy,State Highway,1,0,Daylight,34
ACC1623,Jun-18,21:29,Mumbai Maharashtra,Fatal,Cycle,Hazy,State Highway,8,5,Dark,85
ACC1624,Jun-22,08:53,Agartala Tripura,Fatal,Two-Wheeler,Hazy,State Highway,3,5,Dawn,111
ACC1625,Mar-20,06:45,Tirupati Andhra Pradesh,Serious,Truck,Hazy,National Highway,5,2,Daylight,88
ACC1626,Dec-23,10:23,Mokokchung Nagaland,Fatal,Pedestrian,Foggy,Urban Road,7,5,Dawn,89
ACC1627,May-18,09:09,Itanagar Arunachal Pradesh,Fatal,Two-Wheeler,Clear,National Highway,5,2,Dusk,37
ACC1628,Apr-21,12:01,Margao Goa,Fatal,Truck,Rainy,State Highway,1,3,Dusk,84
ACC1629,Sep-18,00:09,Jodhpur Rajasthan,Minor,Two-Wheeler,Rainy,State Highway,2,2,Dusk,46
ACC1630,Apr-19,19:54,Jowai Meghalaya,Minor,Bus,Rainy,State Highway,1,5,Dusk,92
ACC1631,Aug-22,17:38,Anantnag Jammu and Kashmir,Minor,Cycle,Foggy,National Highway,1,5,Dusk,48
ACC1632,Nov-19,13:48,Vadodara Gujarat,Minor,Car,Foggy,Village Road,7,4,Dawn,90
ACC1633,Nov-20,10:08,Siliguri West Bengal,Fatal,Pedestrian,Hazy,Urban Road,4,3,Daylight,94
ACC1634,May-19,05:37,Jowai Meghalaya,Serious,Bus,Foggy,National Highway,6,5,Daylight,42
ACC1635,Sep-21,16:00,Mokokchung Nagaland,Fatal,Two-Wheeler,Stormy,National Highway,9,5,Daylight,41
ACC1636,Jun-19,10:41,Ranchi Jharkhand,Fatal,Pedestrian,Hazy,Village Road,5,5,Dusk,72
ACC1637,Feb-18,21:18,Bokaro Jharkhand,Minor,Pedestrian,Stormy,National Highway,1,1,Dawn,109
ACC1638,Sep-20,12:50,Mokokchung Nagaland,Fatal,Two-Wheeler,Clear,National Highway,4,0,Dawn,44
ACC1639,Sep-23,02:05,Puducherry Puducherry,Minor,Pedestrian,Foggy,Village Road,5,2,Dawn,30
ACC1640,Dec-22,11:40,Anantnag Jammu and Kashmir,Fatal,Pedestrian,Clear,Village Road,7,5,Dark,106
ACC1641,Jul-23,09:22,New Delhi Delhi,Fatal,Cycle,Foggy,State Highway,4,1,Daylight,100
ACC1642,Oct-20,11:59,Mangan Sikkim,Fatal,Truck,Foggy,State Highway,8,5,Daylight,32
ACC1643,Oct-22,10:57,Kozhikode Kerala,Minor,Cycle,Foggy,Urban Road,2,2,Dark,69
ACC1644,Jun-18,00:02,Puducherry Puducherry,Serious,Two-Wheeler,Stormy,Village Road,8,4,Dark,39
ACC1645,Oct-18,10:13,Warangal Telangana,Fatal,Two-Wheeler,Rainy,State Highway,1,3,Dusk,84
ACC1646,Mar-23,02:18,Guwahati Assam,Minor,Car,Rainy,State Highway,7,4,Dark,57
ACC1647,Dec-23,08:06,Imphal Manipur,Minor,Cycle,Foggy,State Highway,9,5,Dark,86
ACC1648,Sep-21,21:07,Puducherry Puducherry,Fatal,Cycle,Foggy,Urban Road,3,1,Dawn,72
ACC1649,Dec-21,07:28,Durgapur West Bengal,Fatal,Truck,Stormy,State Highway,6,1,Dark,45
ACC1650,Jan-20,10:22,Karaikal Puducherry,Fatal,Cycle,Foggy,State Highway,5,4,Daylight,70
ACC1651,Mar-20,17:30,Naharlagun Arunachal Pradesh,Fatal,Auto-Rickshaw,Hazy,Village Road,8,4,Dark,55
ACC1652,Nov-19,23:41,Gurugram Haryana,Serious,Auto-Rickshaw,Clear,State Highway,7,5,Dawn,47
ACC1653,Jun-19,02:45,Haldwani Uttarakhand,Serious,Two-Wheeler,Rainy,State Highway,8,0,Daylight,76
ACC1654,Sep-19,18:10,Dharmanagar Tripura,Fatal,Car,Stormy,State Highway,10,2,Daylight,115
ACC1655,Dec-20,12:44,Gwalior Madhya Pradesh,Fatal,Cycle,Foggy,State Highway,3,5,Dark,34
ACC1656,Jun-22,15:53,Bhopal Madhya Pradesh,Fatal,Two-Wheeler,Clear,Village Road,3,1,Dark,92
ACC1657,Jul-23,02:34,Mokokchung Nagaland,Minor,Car,Rainy,Urban Road,8,0,Dawn,78
ACC1658,Apr-20,00:40,Puducherry Puducherry,Fatal,Two-Wheeler,Hazy,Village Road,6,2,Daylight,82
ACC1659,Apr-18,01:57,Indore Madhya Pradesh,Minor,Auto-Rickshaw,Hazy,Village Road,8,1,Dawn,97
ACC1660,Oct-21,06:59,Hyderabad Telangana,Minor,Truck,Rainy,Urban Road,2,3,Dawn,60
ACC1661,Apr-23,23:32,Namchi Sikkim,Serious,Car,Hazy,State Highway,9,4,Dawn,118
ACC1662,Apr-22,12:57,Aizawl Mizoram,Fatal,Auto-Rickshaw,Clear,State Highway,2,0,Dawn,54
ACC1663,Jul-18,08:57,Pune Maharashtra,Minor,Car,Stormy,National Highway,10,4,Dawn,42
ACC1664,Sep-22,22:21,Mokokchung Nagaland,Fatal,Truck,Clear,National Highway,1,0,Dusk,109
ACC1665,Jun-18,11:30,Chandigarh Chandigarh,Fatal,Cycle,Rainy,Urban Road,3,2,Dawn,32
ACC1666,Apr-21,05:49,Nizamabad Telangana,Serious,Pedestrian,Foggy,State Highway,1,5,Daylight,77
ACC1667,Dec-23,22:35,Udaipur Tripura,Serious,Bus,Clear,State Highway,2,1,Dark,80
ACC1668,Aug-20,00:11,Chandigarh Chandigarh,Minor,Truck,Rainy,Urban Road,4,4,Dawn,116
ACC1669,May-19,07:19,Korba Chhattisgarh,Minor,Truck,Rainy,Urban Road,4,4,Dusk,35
ACC1670,Nov-19,09:56,Jalandhar Punjab,Serious,Cycle,Foggy,State Highway,6,0,Dusk,97
ACC1671,Nov-19,10:00,Jabalpur Madhya Pradesh,Minor,Auto-Rickshaw,Hazy,Village Road,8,5,Dark,100
ACC1672,Jul-18,13:41,Karaikal Puducherry,Minor,Car,Stormy,Village Road,1,1,Dawn,49
ACC1673,Jul-22,02:41,Surat Gujarat,Minor,Auto-Rickshaw,Hazy,Urban Road,1,0,Daylight,46
ACC1674,Dec-18,19:34,Siliguri West Bengal,Minor,Auto-Rickshaw,Hazy,Urban Road,5,0,Dark,106
ACC1675,Mar-21,10:31,Karimnagar Telangana,Fatal,Pedestrian,Foggy,Village Road,1,0,Dusk,41
ACC1676,Nov-23,14:02,Bhagalpur Bihar,Fatal,Cycle,Stormy,National Highway,3,2,Dark,104
ACC1677,Mar-20,06:42,Mangan Sikkim,Minor,Two-Wheeler,Clear,Village Road,4,2,Dusk,50
ACC1678,Apr-22,22:03,Udaipur Rajasthan,Serious,Car,Foggy,State Highway,7,5,Dark,37
ACC1679,May-18,02:24,Mokokchung Nagaland,Fatal,Auto-Rickshaw,Clear,Urban Road,7,4,Daylight,88
ACC1680,Oct-19,19:51,Pasighat Arunachal Pradesh,Minor,Car,Clear,State Highway,3,3,Daylight,90
ACC1681,Oct-20,00:47,Kochi Kerala,Fatal,Cycle,Stormy,Village Road,2,5,Daylight,108
ACC1682,Jan-23,09:09,Dharmanagar Tripura,Minor,Cycle,Hazy,National Highway,9,2,Dusk,79
ACC1683,May-22,04:55,Nizamabad Telangana,Minor,Two-Wheeler,Clear,Village Road,7,0,Dark,64
ACC1684,Nov-21,00:26,Namchi Sikkim,Minor,Auto-Rickshaw,Clear,Urban Road,3,2,Daylight,96
ACC1685,Jul-23,17:35,Panipat Haryana,Minor,Two-Wheeler,Rainy,Village Road,3,1,Dawn,45
ACC1686,Mar-21,19:43,Vadodara Gujarat,Serious,Cycle,Rainy,National Highway,6,4,Daylight,52
ACC1687,Oct-22,03:01,Gyalshing Sikkim,Fatal,Car,Stormy,Urban Road,10,4,Daylight,107
ACC1688,Oct-18,14:07,Dimapur Nagaland,Fatal,Truck,Rainy,Urban Road,10,5,Dark,62
ACC1689,Oct-21,02:46,Vadodara Gujarat,Serious,Auto-Rickshaw,Foggy,Village Road,5,4,Dark,33
ACC1690,Sep-23,16:51,Panipat Haryana,Fatal,Truck,Stormy,National Highway,8,0,Dawn,96
ACC1691,Mar-23,11:29,Nagpur Maharashtra,Fatal,Bus,Stormy,State Highway,4,3,Daylight,30
ACC1692,Nov-21,05:22,Mangan Sikkim,Serious,Pedestrian,Hazy,National Highway,9,2,Dark,63
ACC1693,Nov-18,07:47,Indore Madhya Pradesh,Serious,Truck,Clear,Village Road,5,3,Dark,109
ACC1694,Nov-19,15:44,Kozhikode Kerala,Minor,Cycle,Hazy,State Highway,5,0,Dawn,47
ACC1695,Apr-21,04:04,Siliguri West Bengal,Serious,Two-Wheeler,Clear,Urban Road,2,2,Dark,36
ACC1696,Sep-19,16:40,Mangalore Karnataka,Minor,Pedestrian,Clear,Village Road,8,4,Dark,117
ACC1697,Sep-19,10:32,Dimapur Nagaland,Serious,Pedestrian,Hazy,Village Road,3,4,Dawn,86
ACC1698,Dec-20,22:39,Anantnag Jammu and Kashmir,Serious,Bus,Hazy,National Highway,0,5,Dark,51
ACC1699,Aug-21,21:33,Lunglei Mizoram,Minor,Cycle,Rainy,State Highway,3,0,Dusk,86
ACC1700,Jun-21,08:32,Udaipur Rajasthan,Fatal,Two-Wheeler,Clear,Urban Road,2,2,Dawn,105
ACC1701,Sep-20,06:33,Faridabad Haryana,Minor,Auto-Rickshaw,Clear,Village Road,6,1,Daylight,56
ACC1702,Jan-22,01:43,Kolkata West Bengal,Minor,Truck,Foggy,Village Road,8,5,Dusk,95
ACC1703,Oct-21,06:52,Jorhat Assam,Fatal,Truck,Hazy,Urban Road,2,5,Dusk,37
ACC1704,Mar-20,12:31,Kanpur Uttar Pradesh,Minor,Cycle,Foggy,Village Road,0,2,Dusk,108
ACC1705,Apr-18,20:43,Patna Bihar,Minor,Auto-Rickshaw,Clear,State Highway,6,5,Dark,55
ACC1706,Oct-23,17:58,Aizawl Mizoram,Minor,Car,Foggy,State Highway,7,1,Dusk,117
ACC1707,Nov-18,07:05,Mandi Himachal Pradesh,Minor,Truck,Rainy,State Highway,7,0,Dusk,109
ACC1708,May-21,21:47,Madurai Tamil Nadu,Minor,Bus,Clear,National Highway,4,1,Dawn,40
ACC1709,Oct-22,20:31,Mapusa Goa,Fatal,Truck,Rainy,State Highway,6,0,Daylight,94
ACC1710,Nov-20,17:25,Margao Goa,Minor,Two-Wheeler,Stormy,State Highway,7,3,Dusk,55
ACC1711,Sep-23,05:38,Puducherry Puducherry,Serious,Auto-Rickshaw,Rainy,State Highway,6,0,Daylight,52
ACC1712,Dec-23,01:56,Madurai Tamil Nadu,Fatal,Bus,Rainy,State Highway,3,5,Dusk,87
ACC1713,Sep-19,22:05,Madurai Tamil Nadu,Fatal,Bus,Stormy,Village Road,4,5,Dusk,51
ACC1714,Jun-20,17:09,Kohima Nagaland,Minor,Cycle,Stormy,Urban Road,10,2,Daylight,54
ACC1715,Sep-19,01:43,Jalandhar Punjab,Serious,Two-Wheeler,Clear,Urban Road,1,0,Daylight,87
ACC1716,Sep-22,21:34,Haldwani Uttarakhand,Serious,Truck,Foggy,Village Road,3,0,Dark,71
ACC1717,Sep-23,00:21,Coimbatore Tamil Nadu,Minor,Bus,Stormy,State Highway,4,3,Dark,62
ACC1718,Jun-19,17:00,Gyalshing Sikkim,Serious,Car,Rainy,National Highway,4,5,Dark,118
ACC1719,Apr-21,15:48,Ludhiana Punjab,Minor,Pedestrian,Rainy,National Highway,10,0,Dusk,79
ACC1720,Feb-18,20:02,Silchar Assam,Minor,Bus,Clear,Urban Road,10,3,Dawn,59
ACC1721,May-19,19:05,Jalandhar Punjab,Fatal,Two-Wheeler,Stormy,State Highway,6,5,Dawn,80
ACC1722,May-20,18:56,Shimla Himachal Pradesh,Minor,Car,Hazy,State Highway,3,1,Dawn,33
ACC1723,Nov-23,01:34,Tura Meghalaya,Minor,Truck,Foggy,Urban Road,8,1,Dawn,81
ACC1724,May-21,00:37,Solan Himachal Pradesh,Minor,Car,Clear,Village Road,7,0,Dark,64
ACC1725,May-18,15:16,Jammu Jammu and Kashmir,Serious,Two-Wheeler,Foggy,National Highway,10,3,Daylight,83
ACC1726,Nov-18,10:45,Dwarka Delhi,Serious,Truck,Stormy,Urban Road,7,3,Daylight,105
ACC1727,Mar-23,13:47,Mapusa Goa,Minor,Truck,Stormy,National Highway,1,2,Dusk,75
ACC1728,Feb-20,18:48,Karaikal Puducherry,Fatal,Car,Foggy,Urban Road,10,0,Dark,106
ACC1729,Nov-19,00:51,Srinagar Jammu and Kashmir,Serious,Auto-Rickshaw,Clear,Village Road,8,2,Dawn,50
ACC1730,Dec-21,09:40,Pasighat Arunachal Pradesh,Fatal,Auto-Rickshaw,Foggy,Village Road,2,0,Dark,51
ACC1731,Jul-19,22:19,Mangalore Karnataka,Fatal,Truck,Foggy,National Highway,3,2,Daylight,72
ACC1732,May-22,06:36,Panaji Goa,Fatal,Bus,Clear,National Highway,0,0,Dark,91
ACC1733,Mar-23,22:57,New Delhi Delhi,Minor,Bus,Rainy,State Highway,7,1,Dark,65
ACC1734,Oct-22,00:30,Raipur Chhattisgarh,Serious,Cycle,Foggy,National Highway,7,5,Dawn,55
ACC1735,Dec-19,23:51,Gurugram Haryana,Minor,Auto-Rickshaw,Rainy,Village Road,0,2,Dawn,53
ACC1736,Jan-19,15:02,Gurugram Haryana,Minor,Two-Wheeler,Foggy,Village Road,2,1,Daylight,40
ACC1737,Feb-23,19:28,Silchar Assam,Minor,Car,Rainy,National Highway,5,4,Dusk,115
ACC1738,Jun-23,15:24,Indore Madhya Pradesh,Minor,Pedestrian,Clear,National Highway,10,2,Dawn,110
ACC1739,Aug-22,11:47,Tura Meghalaya,Minor,Cycle,Stormy,National Highway,7,0,Dark,107
ACC1740,Mar-22,16:43,Chandigarh Chandigarh,Fatal,Auto-Rickshaw,Clear,National Highway,8,5,Dusk,95
ACC1741,May-20,22:59,Udaipur Rajasthan,Fatal,Pedestrian,Clear,National Highway,1,1,Daylight,111
ACC1742,Feb-21,11:35,Patiala Punjab,Fatal,Auto-Rickshaw,Rainy,State Highway,6,0,Dark,79
ACC1743,Oct-20,04:48,Dibrugarh Assam,Minor,Cycle,Hazy,Village Road,9,1,Daylight,113
ACC1744,Jun-22,17:52,Karimnagar Telangana,Fatal,Pedestrian,Hazy,National Highway,1,5,Daylight,101
ACC1745,Nov-22,15:48,Haridwar Uttarakhand,Serious,Cycle,Clear,State Highway,7,0,Daylight,90
ACC1746,Mar-21,03:38,Bangalore Karnataka,Minor,Car,Rainy,Village Road,7,4,Dusk,86
ACC1747,Nov-18,09:22,New Delhi Delhi,Fatal,Cycle,Stormy,Village Road,9,4,Dawn,79
ACC1748,Nov-18,00:40,Pune Maharashtra,Fatal,Auto-Rickshaw,Hazy,Village Road,4,0,Dusk,113
ACC1749,Oct-18,23:54,Roorkee Uttarakhand,Serious,Auto-Rickshaw,Rainy,Village Road,3,2,Daylight,62
ACC1750,Oct-23,07:45,Mandi Himachal Pradesh,Minor,Auto-Rickshaw,Clear,State Highway,6,3,Dawn,39
ACC1751,Sep-19,20:20,Rourkela Odisha,Serious,Two-Wheeler,Stormy,Urban Road,10,3,Dawn,95
ACC1752,Sep-21,04:20,Coimbatore Tamil Nadu,Fatal,Bus,Hazy,Village Road,6,0,Dusk,72
ACC1753,Aug-19,14:16,Faridabad Haryana,Minor,Bus,Hazy,State Highway,5,4,Daylight,69
ACC1754,Feb-21,05:08,Thiruvananthapuram Kerala,Fatal,Bus,Rainy,Village Road,4,0,Dawn,43
ACC1755,Jun-22,22:37,Rourkela Odisha,Fatal,Truck,Rainy,Urban Road,9,4,Daylight,111
ACC1756,Mar-23,14:05,Mapusa Goa,Fatal,Car,Clear,National Highway,7,5,Daylight,100
ACC1757,Aug-22,15:59,Dibrugarh Assam,Fatal,Bus,Hazy,Urban Road,4,0,Daylight,35
ACC1758,Sep-21,02:15,Mokokchung Nagaland,Fatal,Truck,Rainy,Urban Road,8,0,Dark,78
ACC1759,Jan-21,14:23,Itanagar Arunachal Pradesh,Fatal,Truck,Rainy,State Highway,7,4,Dawn,114
ACC1760,Jun-22,02:29,Udaipur Rajasthan,Minor,Bus,Stormy,State Highway,2,5,Daylight,78
ACC1761,Mar-18,20:02,Chandigarh Chandigarh,Serious,Two-Wheeler,Clear,National Highway,1,3,Dusk,92
ACC1762,Aug-21,21:34,Dharamshala Himachal Pradesh,Serious,Bus,Stormy,State Highway,5,1,Dark,91
ACC1763,Oct-23,19:24,Vasco da Gama Goa,Minor,Auto-Rickshaw,Stormy,State Highway,0,1,Dark,75
ACC1764,Feb-20,11:09,Agartala Tripura,Fatal,Bus,Stormy,Village Road,3,2,Dusk,105
ACC1765,Jun-21,17:17,Chandigarh Chandigarh,Minor,Truck,Rainy,National Highway,1,5,Dark,93
ACC1766,Feb-21,22:52,Indore Madhya Pradesh,Fatal,Bus,Rainy,Urban Road,2,5,Dark,93
ACC1767,Apr-21,13:59,Jowai Meghalaya,Minor,Pedestrian,Foggy,Urban Road,5,3,Daylight,113
ACC1768,Aug-19,21:34,Puducherry Puducherry,Serious,Car,Rainy,National Highway,9,1,Dawn,35
ACC1769,Nov-23,19:39,Ranchi Jharkhand,Fatal,Car,Foggy,Urban Road,2,5,Dark,90
ACC1770,Feb-21,02:28,Chandigarh Chandigarh,Minor,Auto-Rickshaw,Rainy,State Highway,2,4,Daylight,100
ACC1771,Sep-22,15:18,Madurai Tamil Nadu,Minor,Truck,Rainy,State Highway,0,5,Dark,110
ACC1772,Mar-18,02:18,Nizamabad Telangana,Fatal,Truck,Foggy,Urban Road,5,5,Daylight,39
ACC1773,Apr-20,09:34,Bokaro Jharkhand,Fatal,Car,Clear,State Highway,10,3,Dawn,95
ACC1774,Mar-22,22:37,Siliguri West Bengal,Serious,Cycle,Foggy,State Highway,4,5,Dark,39
ACC1775,May-20,00:39,Lucknow Uttar Pradesh,Fatal,Auto-Rickshaw,Foggy,National Highway,4,5,Dark,79
ACC1776,Sep-22,06:45,Kohima Nagaland,Minor,Truck,Hazy,National Highway,4,3,Dark,94
ACC1777,Dec-23,03:51,Baramulla Jammu and Kashmir,Fatal,Cycle,Stormy,National Highway,9,0,Dawn,95
ACC1778,Apr-23,08:15,Mumbai Maharashtra,Fatal,Two-Wheeler,Stormy,Village Road,8,5,Dark,105
ACC1779,Jan-19,16:11,Champhai Mizoram,Serious,Auto-Rickshaw,Stormy,State Highway,5,0,Dark,88
ACC1780,Jun-20,03:49,Dehradun Uttarakhand,Minor,Pedestrian,Stormy,Village Road,4,1,Daylight,38
ACC1781,May-19,21:07,Gangtok Sikkim,Minor,Pedestrian,Hazy,Urban Road,9,2,Dusk,30
ACC1782,Feb-20,09:39,Margao Goa,Serious,Auto-Rickshaw,Foggy,Urban Road,9,4,Dark,117
ACC1783,Jan-21,02:53,Mokokchung Nagaland,Minor,Cycle,Clear,State Highway,5,3,Daylight,115
ACC1784,Jun-22,21:24,Mysore Karnataka,Minor,Cycle,Stormy,National Highway,7,0,Dusk,53
ACC1785,May-20,08:26,Mandi Himachal Pradesh,Minor,Bus,Hazy,State Highway,4,2,Dusk,88
ACC1786,Feb-18,20:53,Hyderabad Telangana,Fatal,Car,Stormy,State Highway,7,3,Daylight,63
ACC1787,Mar-22,09:37,Thiruvananthapuram Kerala,Fatal,Bus,Rainy,National Highway,5,1,Dawn,46
ACC1788,Oct-21,07:58,Gurugram Haryana,Fatal,Truck,Clear,State Highway,1,5,Dusk,95
ACC1789,Nov-20,22:58,Rohini Delhi,Serious,Two-Wheeler,Foggy,State Highway,6,4,Dark,105
ACC1790,Feb-19,04:01,Dharamshala Himachal Pradesh,Minor,Truck,Rainy,National Highway,2,0,Dawn,79
ACC1791,Sep-21,11:21,Itanagar Arunachal Pradesh,Fatal,Pedestrian,Clear,State Highway,0,1,Dark,112
ACC1792,May-22,02:28,Jorhat Assam,Serious,Bus,Foggy,State Highway,1,5,Dark,90
ACC1793,Mar-23,02:43,Kozhikode Kerala,Fatal,Bus,Clear,National Highway,8,1,Daylight,105
ACC1794,Sep-20,11:11,Jalandhar Punjab,Minor,Two-Wheeler,Foggy,National Highway,7,5,Dark,52
ACC1795,Feb-21,06:55,Dhanbad Jharkhand,Minor,Pedestrian,Hazy,National Highway,3,0,Dawn,63
ACC1796,Jul-18,05:06,Amritsar Punjab,Minor,Truck,Clear,Urban Road,1,2,Dark,120
ACC1797,Sep-20,00:07,Bokaro Jharkhand,Fatal,Truck,Stormy,State Highway,2,2,Dark,108
ACC1798,Mar-18,13:47,Vadodara Gujarat,Serious,Two-Wheeler,Stormy,Village Road,3,2,Dark,45
ACC1799,May-18,13:46,Panaji Goa,Serious,Bus,Rainy,Village Road,4,0,Dusk,99
ACC1800,Dec-22,08:30,Lucknow Uttar Pradesh,Serious,Truck,Stormy,Village Road,0,0,Dawn,115
ACC1801,Dec-18,11:49,Namchi Sikkim,Fatal,Truck,Foggy,Urban Road,7,5,Daylight,117
ACC1802,Oct-20,20:01,Pune Maharashtra,Fatal,Auto-Rickshaw,Rainy,Urban Road,8,5,Dawn,45
ACC1803,Sep-21,21:08,Lunglei Mizoram,Serious,Two-Wheeler,Foggy,Village Road,2,1,Dark,111
ACC1804,Oct-18,16:24,Cuttack Odisha,Fatal,Auto-Rickshaw,Rainy,State Highway,0,0,Dusk,82
ACC1805,Mar-18,21:54,Haridwar Uttarakhand,Minor,Cycle,Rainy,State Highway,10,3,Dawn,109
ACC1806,Nov-22,16:53,Gwalior Madhya Pradesh,Minor,Two-Wheeler,Stormy,State Highway,7,4,Dawn,100
ACC1807,Oct-21,18:38,Bhilai Chhattisgarh,Serious,Car,Foggy,Village Road,6,0,Dawn,105
ACC1808,Feb-23,01:24,Shillong Meghalaya,Fatal,Bus,Clear,Urban Road,7,4,Dark,74
ACC1809,Apr-20,20:41,Vasco da Gama Goa,Fatal,Truck,Foggy,National Highway,7,0,Dawn,62
ACC1810,Apr-23,01:25,Puducherry Puducherry,Fatal,Cycle,Rainy,Village Road,5,3,Dark,79
ACC1811,Nov-22,04:04,Chennai Tamil Nadu,Serious,Truck,Foggy,State Highway,0,0,Dawn,38
ACC1812,May-22,21:28,Amritsar Punjab,Fatal,Bus,Foggy,Village Road,9,1,Dawn,110
ACC1813,Sep-18,15:13,Nizamabad Telangana,Serious,Car,Foggy,Urban Road,6,0,Dark,119
ACC1814,Jan-20,15:32,Nagpur Maharashtra,Fatal,Car,Stormy,Urban Road,4,1,Dawn,65
ACC1815,Jan-20,05:14,Haldwani Uttarakhand,Minor,Pedestrian,Hazy,Village Road,10,1,Daylight,95
ACC1816,Aug-21,07:16,Amritsar Punjab,Serious,Bus,Foggy,State Highway,8,0,Dawn,73
ACC1817,Sep-18,02:51,Hyderabad Telangana,Minor,Cycle,Rainy,Urban Road,9,5,Dusk,111
ACC1818,Jan-19,22:17,Ahmedabad Gujarat,Minor,Truck,Stormy,National Highway,7,5,Dawn,104
ACC1819,May-18,02:35,Tirupati Andhra Pradesh,Fatal,Auto-Rickshaw,Stormy,Urban Road,0,2,Dawn,101
ACC1820,Apr-21,22:58,Siliguri West Bengal,Serious,Pedestrian,Rainy,National Highway,6,2,Dark,94
ACC1821,Jun-23,07:25,Thiruvananthapuram Kerala,Fatal,Car,Clear,State Highway,10,2,Dawn,117
ACC1822,Aug-21,13:32,Haldwani Uttarakhand,Fatal,Truck,Hazy,Village Road,7,1,Dusk,104
ACC1823,Feb-18,04:09,Mumbai Maharashtra,Minor,Pedestrian,Hazy,National Highway,8,0,Dark,62
ACC1824,Jul-19,05:40,Bangalore Karnataka,Minor,Truck,Clear,Village Road,5,0,Dark,52
ACC1825,Feb-19,07:43,Bhubaneswar Odisha,Serious,Two-Wheeler,Foggy,State Highway,7,1,Dawn,85
ACC1826,Jan-21,16:38,Jodhpur Rajasthan,Fatal,Truck,Hazy,Urban Road,2,4,Daylight,61
ACC1827,Sep-23,07:48,Ranchi Jharkhand,Serious,Bus,Clear,Urban Road,7,1,Dusk,44
ACC1828,Nov-21,07:00,Vasco da Gama Goa,Fatal,Pedestrian,Hazy,State Highway,9,2,Dusk,53
ACC1829,May-19,17:41,Jabalpur Madhya Pradesh,Fatal,Pedestrian,Hazy,Urban Road,6,0,Dusk,53
ACC1830,Jan-22,09:58,Puri Odisha,Minor,Bus,Foggy,Village Road,3,2,Dawn,100
ACC1831,Feb-18,14:56,Durgapur West Bengal,Fatal,Cycle,Rainy,Urban Road,6,5,Daylight,90
ACC1832,Nov-21,01:42,Madurai Tamil Nadu,Minor,Truck,Foggy,National Highway,7,5,Dark,39
ACC1833,Feb-18,00:28,Faridabad Haryana,Serious,Car,Stormy,State Highway,10,1,Daylight,103
ACC1834,Nov-21,06:22,Ludhiana Punjab,Serious,Cycle,Hazy,Urban Road,1,0,Daylight,67
ACC1835,Aug-21,06:12,Vijayawada Andhra Pradesh,Minor,Car,Rainy,Village Road,2,2,Dawn,48
ACC1836,Dec-21,06:37,Kohima Nagaland,Minor,Bus,Hazy,State Highway,2,4,Dark,40
ACC1837,Sep-21,21:47,Ahmedabad Gujarat,Fatal,Cycle,Stormy,State Highway,8,3,Daylight,109
ACC1838,Feb-23,16:58,Rohini Delhi,Fatal,Truck,Rainy,State Highway,5,3,Dark,31
ACC1839,Dec-23,06:12,Anantnag Jammu and Kashmir,Serious,Cycle,Foggy,Urban Road,1,2,Dusk,107
ACC1840,Dec-19,10:39,Amritsar Punjab,Serious,Cycle,Rainy,National Highway,6,3,Dawn,89
ACC1841,Apr-21,07:07,Naharlagun Arunachal Pradesh,Minor,Auto-Rickshaw,Stormy,State Highway,7,0,Dawn,53
ACC1842,Dec-19,14:13,Jodhpur Rajasthan,Fatal,Auto-Rickshaw,Hazy,National Highway,7,1,Dusk,51
ACC1843,Apr-23,23:45,Siliguri West Bengal,Serious,Auto-Rickshaw,Hazy,Urban Road,8,3,Dawn,112
ACC1844,Nov-22,18:49,Cuttack Odisha,Serious,Truck,Clear,State Highway,5,1,Dawn,37
ACC1845,Jun-18,05:40,Kanpur Uttar Pradesh,Fatal,Bus,Foggy,Village Road,1,0,Dark,32
ACC1846,Jun-18,10:28,Cuttack Odisha,Fatal,Cycle,Clear,Village Road,2,4,Dusk,54
ACC1847,Feb-23,08:10,Shimla Himachal Pradesh,Serious,Auto-Rickshaw,Rainy,National Highway,1,3,Dark,115
ACC1848,Aug-23,18:16,Puducherry Puducherry,Fatal,Cycle,Stormy,Village Road,2,3,Dark,120
ACC1849,Aug-21,14:50,Udaipur Tripura,Serious,Truck,Clear,Village Road,5,0,Dark,81
ACC1850,May-22,03:41,Imphal Manipur,Fatal,Pedestrian,Foggy,State Highway,9,5,Daylight,49
ACC1851,Oct-18,18:58,Bhubaneswar Odisha,Minor,Auto-Rickshaw,Stormy,National Highway,9,1,Dusk,83
ACC1852,Jul-21,17:21,Baramulla Jammu and Kashmir,Fatal,Pedestrian,Hazy,National Highway,2,2,Dusk,51
ACC1853,Aug-23,15:14,Mandi Himachal Pradesh,Serious,Cycle,Rainy,Urban Road,10,3,Dark,96
ACC1854,Nov-18,03:28,Varanasi Uttar Pradesh,Minor,Two-Wheeler,Rainy,State Highway,8,4,Dusk,60
ACC1855,Oct-18,04:55,Karimnagar Telangana,Minor,Two-Wheeler,Foggy,National Highway,9,1,Dawn,106
ACC1856,Oct-22,22:25,Udaipur Tripura,Minor,Car,Stormy,Urban Road,10,4,Dusk,105
ACC1857,Aug-23,19:24,Margao Goa,Fatal,Car,Clear,Urban Road,5,0,Dark,84
ACC1858,Oct-21,11:32,Mysore Karnataka,Minor,Car,Foggy,State Highway,1,3,Dusk,57
ACC1859,May-22,19:02,Itanagar Arunachal Pradesh,Minor,Auto-Rickshaw,Clear,State Highway,8,4,Dark,103
ACC1860,Aug-23,23:23,Baramulla Jammu and Kashmir,Fatal,Pedestrian,Stormy,Village Road,1,5,Dawn,70
ACC1861,Nov-21,13:45,Vijayawada Andhra Pradesh,Serious,Auto-Rickshaw,Hazy,Urban Road,9,5,Dark,71
ACC1862,Oct-21,18:39,Vadodara Gujarat,Fatal,Bus,Foggy,Urban Road,2,0,Daylight,57
ACC1863,Jan-19,14:28,Mumbai Maharashtra,Minor,Car,Rainy,Village Road,4,0,Dusk,39
ACC1864,Oct-23,05:08,Gwalior Madhya Pradesh,Minor,Pedestrian,Stormy,Urban Road,4,0,Daylight,103
ACC1865,Mar-23,18:23,Rohini Delhi,Minor,Bus,Clear,National Highway,0,3,Dark,96
ACC1866,Feb-22,17:29,Nizamabad Telangana,Fatal,Bus,Rainy,Village Road,10,3,Dawn,67
ACC1867,Feb-20,21:53,Agartala Tripura,Fatal,Bus,Clear,Urban Road,5,5,Daylight,118
ACC1868,Apr-21,06:45,Ahmedabad Gujarat,Minor,Truck,Hazy,National Highway,7,5,Daylight,69
ACC1869,Mar-18,11:55,Udaipur Rajasthan,Minor,Truck,Clear,National Highway,5,4,Dawn,58
ACC1870,Aug-18,03:41,Puri Odisha,Serious,Pedestrian,Foggy,Village Road,0,1,Daylight,91
ACC1871,Feb-20,07:43,Jorhat Assam,Serious,Two-Wheeler,Foggy,National Highway,10,5,Dusk,81
ACC1872,Feb-23,00:50,Chandigarh Chandigarh,Fatal,Bus,Rainy,Urban Road,9,4,Dusk,69
ACC1873,Dec-21,23:18,Coimbatore Tamil Nadu,Serious,Cycle,Hazy,National Highway,2,1,Dark,59
ACC1874,Jan-22,11:17,Aizawl Mizoram,Serious,Car,Clear,Urban Road,7,1,Daylight,87
ACC1875,Aug-23,18:40,Haridwar Uttarakhand,Minor,Pedestrian,Hazy,State Highway,6,1,Dawn,31
ACC1876,May-21,23:56,Indore Madhya Pradesh,Fatal,Cycle,Rainy,Village Road,9,5,Dawn,104
ACC1877,Sep-23,05:14,Bokaro Jharkhand,Fatal,Bus,Rainy,Village Road,5,0,Dark,75
ACC1878,Feb-23,03:23,Tura Meghalaya,Serious,Bus,Clear,National Highway,3,3,Daylight,49
ACC1879,Jul-21,16:37,Imphal Manipur,Minor,Cycle,Stormy,National Highway,10,2,Daylight,101
ACC1880,Sep-23,19:16,Mandi Himachal Pradesh,Minor,Truck,Rainy,National Highway,9,5,Dusk,86
ACC1881,Feb-19,03:49,Haldwani Uttarakhand,Minor,Two-Wheeler,Foggy,National Highway,5,1,Dark,60
ACC1882,May-21,01:25,Thrissur Kerala,Serious,Truck,Foggy,Urban Road,10,1,Dark,79
ACC1883,Mar-19,22:44,Karaikal Puducherry,Fatal,Cycle,Clear,Village Road,9,2,Daylight,65
ACC1884,Apr-18,15:35,Karaikal Puducherry,Fatal,Bus,Rainy,State Highway,1,1,Dark,58
ACC1885,Jun-20,12:28,Nagpur Maharashtra,Fatal,Car,Clear,Village Road,5,0,Dark,87
ACC1886,Nov-20,20:49,Bhagalpur Bihar,Fatal,Bus,Foggy,Village Road,3,2,Daylight,106
ACC1887,Aug-22,11:09,New Delhi Delhi,Minor,Car,Hazy,Village Road,5,5,Dawn,60
ACC1888,Dec-18,22:33,Rourkela Odisha,Minor,Bus,Stormy,State Highway,10,0,Daylight,51
ACC1889,Apr-18,20:59,Siliguri West Bengal,Serious,Cycle,Foggy,State Highway,10,1,Dawn,37
ACC1890,Jan-23,23:47,Bhopal Madhya Pradesh,Serious,Pedestrian,Foggy,State Highway,10,5,Daylight,35
ACC1891,Jun-22,10:49,Gyalshing Sikkim,Serious,Cycle,Clear,National Highway,10,0,Dusk,72
ACC1892,Jun-22,23:43,Karaikal Puducherry,Minor,Auto-Rickshaw,Clear,State Highway,2,0,Dark,78
ACC1893,Apr-21,09:47,Lucknow Uttar Pradesh,Fatal,Pedestrian,Stormy,State Highway,3,2,Dark,54
ACC1894,May-22,03:50,Lucknow Uttar Pradesh,Serious,Truck,Foggy,Village Road,7,5,Dawn,98
ACC1895,Jun-18,16:31,Gyalshing Sikkim,Minor,Bus,Stormy,Urban Road,4,1,Dawn,87
ACC1896,Apr-18,20:13,Visakhapatnam Andhra Pradesh,Minor,Auto-Rickshaw,Foggy,Village Road,1,1,Daylight,92
ACC1897,Feb-18,07:01,Jaipur Rajasthan,Serious,Pedestrian,Hazy,Urban Road,4,5,Dark,73
ACC1898,Jan-21,03:21,Tirupati Andhra Pradesh,Minor,Two-Wheeler,Stormy,State Highway,9,2,Dawn,46
ACC1899,Mar-18,03:39,Mysore Karnataka,Serious,Car,Foggy,Urban Road,5,3,Dark,118
ACC1900,Nov-23,06:15,Gurugram Haryana,Minor,Bus,Stormy,Village Road,3,2,Dawn,64
ACC1901,Aug-21,09:03,Varanasi Uttar Pradesh,Minor,Cycle,Clear,Village Road,3,0,Daylight,101
ACC1902,Oct-18,23:01,Panipat Haryana,Minor,Car,Rainy,Urban Road,9,1,Daylight,120
ACC1903,Oct-23,23:39,Gaya Bihar,Serious,Two-Wheeler,Clear,Urban Road,5,1,Dawn,83
ACC1904,Oct-19,20:38,Gurugram Haryana,Serious,Cycle,Stormy,State Highway,0,1,Daylight,31
ACC1905,Mar-19,14:15,Silchar Assam,Serious,Cycle,Clear,Village Road,9,5,Dawn,107
ACC1906,May-22,01:19,Guwahati Assam,Minor,Truck,Stormy,Village Road,2,3,Dawn,54
ACC1907,Oct-20,03:13,Puri Odisha,Minor,Bus,Foggy,Urban Road,0,0,Dawn,76
ACC1908,Jan-20,12:52,Chandigarh Chandigarh,Minor,Auto-Rickshaw,Stormy,State Highway,10,1,Dusk,100
ACC1909,Sep-21,20:06,Mumbai Maharashtra,Serious,Bus,Clear,Village Road,10,4,Dark,52
ACC1910,Sep-23,20:13,Varanasi Uttar Pradesh,Fatal,Pedestrian,Rainy,State Highway,5,1,Dusk,81
ACC1911,Apr-23,04:03,Bishnupur Manipur,Minor,Car,Stormy,Urban Road,2,1,Daylight,63
ACC1912,Dec-22,08:14,Bangalore Karnataka,Minor,Truck,Clear,Village Road,3,2,Daylight,109
ACC1913,Oct-22,01:04,Gurugram Haryana,Serious,Truck,Stormy,Urban Road,4,0,Dusk,114
ACC1914,Oct-23,07:37,Mokokchung Nagaland,Fatal,Auto-Rickshaw,Foggy,Village Road,8,3,Dusk,84
ACC1915,Jan-22,16:05,Panaji Goa,Fatal,Auto-Rickshaw,Foggy,State Highway,8,5,Dusk,98
ACC1916,Feb-19,18:06,Roorkee Uttarakhand,Serious,Car,Rainy,State Highway,6,5,Daylight,44
ACC1917,Dec-19,18:24,Thoubal Manipur,Minor,Car,Foggy,Urban Road,9,2,Dark,59
ACC1918,Jan-20,22:36,Faridabad Haryana,Fatal,Cycle,Hazy,Urban Road,6,3,Dawn,32
ACC1919,Nov-22,14:16,Jammu Jammu and Kashmir,Fatal,Cycle,Hazy,Village Road,6,1,Dark,31
ACC1920,Apr-23,00:59,Aizawl Mizoram,Fatal,Auto-Rickshaw,Clear,Urban Road,8,0,Dusk,65
ACC1921,Apr-20,16:38,Imphal Manipur,Fatal,Two-Wheeler,Clear,National Highway,8,1,Dark,93
ACC1922,Nov-18,09:44,Tirupati Andhra Pradesh,Fatal,Pedestrian,Hazy,Urban Road,3,1,Dark,98
ACC1923,Dec-22,06:30,Vijayawada Andhra Pradesh,Serious,Bus,Rainy,National Highway,8,4,Dusk,59
ACC1924,Oct-19,12:47,Visakhapatnam Andhra Pradesh,Minor,Truck,Stormy,National Highway,2,3,Dark,112
ACC1925,Jul-21,06:50,Rohini Delhi,Serious,Truck,Hazy,Village Road,0,0,Dark,92
ACC1926,Dec-21,00:51,Madurai Tamil Nadu,Serious,Truck,Rainy,State Highway,10,3,Dusk,30
ACC1927,Jan-22,07:06,Bhagalpur Bihar,Fatal,Auto-Rickshaw,Foggy,Village Road,9,1,Dark,32
ACC1928,Dec-20,14:53,Kochi Kerala,Fatal,Bus,Hazy,State Highway,2,5,Daylight,96
ACC1929,Jan-22,11:58,Rohini Delhi,Fatal,Two-Wheeler,Hazy,National Highway,1,4,Dark,84
ACC1930,Jun-21,12:23,Udaipur Rajasthan,Minor,Auto-Rickshaw,Clear,State Highway,2,1,Dusk,80
ACC1931,Mar-22,00:15,Puri Odisha,Minor,Bus,Rainy,Urban Road,9,4,Daylight,37
ACC1932,Jul-21,11:39,Nagpur Maharashtra,Minor,Cycle,Clear,Village Road,0,4,Dusk,101
ACC1933,Mar-23,14:07,Bangalore Karnataka,Fatal,Car,Hazy,National Highway,4,0,Dusk,42
ACC1934,Apr-20,01:38,Nongstoin Meghalaya,Minor,Cycle,Stormy,State Highway,5,2,Dusk,49
ACC1935,Aug-21,07:36,Bhopal Madhya Pradesh,Minor,Cycle,Foggy,State Highway,4,4,Dusk,105
ACC1936,Apr-21,21:37,Mokokchung Nagaland,Fatal,Bus,Clear,National Highway,10,4,Daylight,39
ACC1937,Feb-19,03:59,Visakhapatnam Andhra Pradesh,Serious,Two-Wheeler,Stormy,Village Road,7,4,Dawn,77
ACC1938,Nov-22,00:30,Mangalore Karnataka,Minor,Bus,Hazy,Village Road,3,1,Dark,31
ACC1939,Apr-22,12:56,Imphal Manipur,Minor,Truck,Hazy,Village Road,8,0,Dark,61
ACC1940,Jan-22,07:51,Rourkela Odisha,Fatal,Two-Wheeler,Hazy,State Highway,10,2,Dark,50
ACC1941,Jun-19,08:27,Dwarka Delhi,Minor,Car,Clear,National Highway,5,0,Dark,108
ACC1942,Dec-20,19:38,Karaikal Puducherry,Serious,Car,Stormy,National Highway,4,0,Daylight,85
ACC1943,Mar-19,08:13,Lunglei Mizoram,Fatal,Truck,Rainy,Village Road,1,1,Dark,39
ACC1944,Mar-23,14:28,Rourkela Odisha,Minor,Truck,Hazy,Village Road,6,0,Daylight,34
ACC1945,Feb-21,21:05,Itanagar Arunachal Pradesh,Serious,Two-Wheeler,Clear,Village Road,3,0,Dusk,75
ACC1946,May-21,17:07,Bilaspur Chhattisgarh,Fatal,Two-Wheeler,Foggy,National Highway,6,0,Daylight,40
ACC1947,Oct-19,14:47,Jammu Jammu and Kashmir,Serious,Pedestrian,Clear,State Highway,0,3,Dark,96
ACC1948,Mar-21,21:42,Udaipur Tripura,Serious,Pedestrian,Clear,National Highway,1,3,Daylight,107
ACC1949,Feb-21,18:19,New Delhi Delhi,Minor,Two-Wheeler,Clear,State Highway,7,0,Dusk,72
ACC1950,May-23,01:56,Kolkata West Bengal,Fatal,Car,Foggy,Village Road,8,5,Daylight,94
ACC1951,Apr-19,22:28,Kochi Kerala,Minor,Truck,Rainy,National Highway,3,0,Daylight,35
ACC1952,Dec-20,08:50,Haldwani Uttarakhand,Fatal,Pedestrian,Foggy,National Highway,10,2,Dawn,61
ACC1953,Aug-18,07:41,Patiala Punjab,Serious,Pedestrian,Foggy,Village Road,1,2,Dawn,30
ACC1954,Nov-21,21:07,Hyderabad Telangana,Fatal,Bus,Foggy,Urban Road,9,5,Dawn,45
ACC1955,Mar-20,11:18,Coimbatore Tamil Nadu,Minor,Truck,Hazy,National Highway,3,2,Dusk,115
ACC1956,Jan-23,19:52,Dharmanagar Tripura,Fatal,Cycle,Hazy,National Highway,10,5,Daylight,35
ACC1957,May-19,11:21,Jalandhar Punjab,Fatal,Two-Wheeler,Hazy,Village Road,3,5,Dawn,66
ACC1958,Dec-18,17:19,Thoubal Manipur,Minor,Bus,Hazy,Village Road,1,3,Dawn,34
ACC1959,May-19,19:01,Puducherry Puducherry,Serious,Auto-Rickshaw,Foggy,Village Road,8,0,Dark,99
ACC1960,Jan-23,01:53,Durgapur West Bengal,Serious,Truck,Hazy,National Highway,5,0,Dawn,73
ACC1961,Mar-23,07:47,Dhanbad Jharkhand,Fatal,Pedestrian,Foggy,National Highway,6,3,Dawn,59
ACC1962,Feb-21,21:34,Chandigarh Chandigarh,Fatal,Pedestrian,Clear,State Highway,4,0,Dawn,46
ACC1963,Dec-18,23:26,Raipur Chhattisgarh,Fatal,Bus,Clear,State Highway,10,2,Dusk,85
ACC1964,Oct-20,04:01,Bishnupur Manipur,Minor,Car,Stormy,Urban Road,0,1,Dawn,98
ACC1965,Jul-23,07:12,Agartala Tripura,Fatal,Truck,Rainy,State Highway,5,0,Dawn,34
ACC1966,Jun-21,17:22,Shillong Meghalaya,Serious,Pedestrian,Rainy,National Highway,0,5,Dark,79
ACC1967,Aug-20,15:30,Ambala Haryana,Minor,Auto-Rickshaw,Clear,Village Road,3,3,Dawn,70
ACC1968,Dec-18,21:33,Ludhiana Punjab,Fatal,Bus,Stormy,Village Road,1,0,Dark,112
ACC1969,Dec-20,23:40,Nongstoin Meghalaya,Fatal,Cycle,Stormy,Urban Road,9,0,Dawn,103
ACC1970,Jun-21,01:18,Panaji Goa,Minor,Car,Hazy,State Highway,7,2,Dark,41
ACC1971,Mar-23,22:59,Vasco da Gama Goa,Minor,Two-Wheeler,Rainy,Village Road,2,3,Dawn,63
ACC1972,Nov-22,19:19,Coimbatore Tamil Nadu,Serious,Auto-Rickshaw,Foggy,National Highway,1,0,Dawn,61
ACC1973,Oct-21,22:23,Karaikal Puducherry,Minor,Truck,Clear,National Highway,2,0,Dusk,93
ACC1974,Jan-19,14:47,Warangal Telangana,Minor,Cycle,Foggy,Urban Road,1,1,Dusk,117
ACC1975,Jun-19,18:08,Nongstoin Meghalaya,Minor,Truck,Hazy,Village Road,4,2,Dawn,33
ACC1976,Aug-20,05:52,Varanasi Uttar Pradesh,Serious,Auto-Rickshaw,Stormy,Village Road,10,3,Dawn,97
ACC1977,Jun-19,21:12,Haridwar Uttarakhand,Minor,Auto-Rickshaw,Stormy,National Highway,1,4,Dark,115
ACC1978,Jan-19,18:58,Anantnag Jammu and Kashmir,Serious,Pedestrian,Rainy,Urban Road,2,4,Dark,70
ACC1979,Feb-18,07:25,Vasco da Gama Goa,Minor,Truck,Clear,National Highway,5,2,Dusk,65
ACC1980,Apr-22,16:24,Karaikal Puducherry,Minor,Car,Rainy,National Highway,10,3,Dusk,99
ACC1981,May-22,15:38,Mangan Sikkim,Minor,Bus,Hazy,Village Road,5,0,Dawn,102
ACC1982,Jul-19,07:05,Lucknow Uttar Pradesh,Serious,Car,Clear,Urban Road,7,5,Dusk,44
ACC1983,Jun-22,15:11,Roorkee Uttarakhand,Minor,Truck,Rainy,National Highway,1,0,Dawn,42
ACC1984,Mar-18,19:29,Haridwar Uttarakhand,Serious,Car,Foggy,State Highway,5,2,Dawn,86
ACC1985,Feb-22,01:15,Gangtok Sikkim,Serious,Pedestrian,Rainy,Village Road,6,1,Dusk,34
ACC1986,Nov-22,12:08,Kanpur Uttar Pradesh,Fatal,Truck,Clear,State Highway,3,5,Daylight,73
ACC1987,Aug-22,01:06,Bhopal Madhya Pradesh,Fatal,Truck,Rainy,National Highway,8,5,Dusk,114
ACC1988,Jan-23,07:41,Hyderabad Telangana,Minor,Car,Hazy,State Highway,1,1,Daylight,75
ACC1989,Sep-21,09:01,Shillong Meghalaya,Serious,Truck,Stormy,National Highway,10,3,Dark,35
ACC1990,Sep-18,05:05,Udaipur Tripura,Minor,Two-Wheeler,Clear,State Highway,9,0,Dusk,56
ACC1991,Jul-18,15:17,Karaikal Puducherry,Minor,Cycle,Hazy,State Highway,3,3,Dawn,70
ACC1992,Jan-21,12:58,Pune Maharashtra,Minor,Pedestrian,Hazy,Village Road,4,4,Dark,91
ACC1993,Jan-23,09:47,Coimbatore Tamil Nadu,Fatal,Car,Clear,Village Road,7,5,Dusk,44
ACC1994,Mar-21,09:14,Chandigarh Chandigarh,Serious,Two-Wheeler,Foggy,Urban Road,8,1,Dusk,106
ACC1995,Jun-20,23:39,Tirupati Andhra Pradesh,Fatal,Pedestrian,Foggy,Village Road,0,2,Dawn,50
ACC1996,Aug-20,04:02,Durg Chhattisgarh,Serious,Bus,Foggy,State Highway,8,2,Dusk,74
ACC1997,Jan-19,05:06,Aizawl Mizoram,Serious,Cycle,Rainy,Village Road,10,3,Dusk,109
ACC1998,Jun-18,14:58,Indore Madhya Pradesh,Minor,Auto-Rickshaw,Foggy,State Highway,9,2,Dawn,97
ACC1999,Feb-19,18:24,Shimla Himachal Pradesh,Serious,Car,Hazy,National Highway,9,5,Dawn,49
ACC2000,Jul-18,12:55,Muzaffarpur Bihar,Serious,Car,Foggy,State Highway,5,1,Dark,55
ACC2001,Jun-23,02:50,Dharmanagar Tripura,Serious,Pedestrian,Rainy,Village Road,7,4,Dark,89
ACC2002,Jul-18,05:17,Surat Gujarat,Minor,Cycle,Stormy,State Highway,7,5,Dark,78
ACC2003,Nov-20,06:19,Durgapur West Bengal,Minor,Pedestrian,Stormy,Urban Road,2,0,Dark,32
ACC2004,Apr-20,11:30,Tirupati Andhra Pradesh,Fatal,Bus,Rainy,Village Road,5,4,Dusk,101
ACC2005,Jul-20,22:14,Pasighat Arunachal Pradesh,Minor,Two-Wheeler,Hazy,National Highway,2,5,Dawn,35
ACC2006,Apr-20,02:22,Bhopal Madhya Pradesh,Serious,Cycle,Hazy,State Highway,10,4,Daylight,58
ACC2007,Sep-23,20:07,Visakhapatnam Andhra Pradesh,Fatal,Car,Stormy,National Highway,2,1,Dusk,91
ACC2008,Nov-20,06:58,Coimbatore Tamil Nadu,Fatal,Cycle,Foggy,Village Road,9,1,Dusk,114
ACC2009,Dec-23,14:42,Kohima Nagaland,Minor,Pedestrian,Foggy,National Highway,5,1,Dawn,74
ACC2010,Jul-18,08:01,Muzaffarpur Bihar,Minor,Car,Hazy,Urban Road,2,4,Daylight,34
ACC2011,Jul-22,02:03,Jamshedpur Jharkhand,Serious,Auto-Rickshaw,Rainy,Village Road,10,3,Dawn,87
ACC2012,Oct-19,17:38,Udaipur Tripura,Serious,Truck,Foggy,State Highway,8,2,Daylight,51
ACC2013,Jan-18,09:34,Jaipur Rajasthan,Minor,Auto-Rickshaw,Clear,National Highway,0,5,Dawn,94
ACC2014,Apr-20,00:36,Dharmanagar Tripura,Serious,Pedestrian,Rainy,National Highway,2,1,Dark,85
ACC2015,Dec-23,01:53,Champhai Mizoram,Serious,Two-Wheeler,Rainy,National Highway,1,4,Dawn,53
ACC2016,Mar-18,07:46,Jammu Jammu and Kashmir,Minor,Pedestrian,Foggy,Village Road,7,3,Daylight,57
ACC2017,Sep-21,19:09,Faridabad Haryana,Fatal,Truck,Hazy,Village Road,8,4,Dusk,104
ACC2018,Jul-22,04:35,Srinagar Jammu and Kashmir,Serious,Bus,Hazy,State Highway,1,1,Dusk,93
ACC2019,Dec-21,06:25,Lucknow Uttar Pradesh,Fatal,Pedestrian,Foggy,State Highway,7,2,Dark,51
ACC2020,Nov-22,14:43,Itanagar Arunachal Pradesh,Serious,Truck,Rainy,Urban Road,8,1,Dawn,76
ACC2021,Dec-18,16:47,Roorkee Uttarakhand,Minor,Auto-Rickshaw,Rainy,National Highway,9,2,Dawn,90
ACC2022,Jul-22,00:49,Durg Chhattisgarh,Fatal,Bus,Clear,Urban Road,8,5,Daylight,33
ACC2023,Oct-19,18:48,Patna Bihar,Serious,Auto-Rickshaw,Hazy,State Highway,7,5,Dawn,42
ACC2024,Nov-20,02:53,Imphal Manipur,Fatal,Two-Wheeler,Stormy,National Highway,10,3,Daylight,33
ACC2025,Jan-21,06:37,Chandigarh Chandigarh,Fatal,Truck,Rainy,Urban Road,3,4,Dark,117
ACC2026,Oct-19,06:21,Tirupati Andhra Pradesh,Fatal,Pedestrian,Hazy,National Highway,0,0,Dark,53
ACC2027,Mar-21,14:20,Panipat Haryana,Minor,Truck,Stormy,State Highway,7,0,Dusk,84
ACC2028,Jan-22,10:05,Bishnupur Manipur,Fatal,Auto-Rickshaw,Hazy,State Highway,8,0,Dusk,78
ACC2029,Aug-20,02:36,Imphal Manipur,Serious,Cycle,Foggy,Village Road,1,5,Dusk,64
ACC2030,May-19,06:32,Chennai Tamil Nadu,Serious,Bus,Stormy,Urban Road,9,4,Daylight,55
ACC2031,Mar-18,10:54,Chennai Tamil Nadu,Serious,Car,Clear,Village Road,5,3,Dark,120
ACC2032,Jan-21,05:21,Rourkela Odisha,Serious,Bus,Hazy,National Highway,2,5,Daylight,101
ACC2033,Dec-20,06:33,Korba Chhattisgarh,Serious,Truck,Rainy,Village Road,9,1,Daylight,80
ACC2034,Aug-22,23:34,Thrissur Kerala,Fatal,Bus,Rainy,State Highway,2,3,Dawn,53
ACC2035,Jun-21,22:30,Jabalpur Madhya Pradesh,Fatal,Auto-Rickshaw,Clear,National Highway,4,2,Dark,33
ACC2036,Jan-18,08:45,Raipur Chhattisgarh,Fatal,Bus,Stormy,Urban Road,6,2,Dawn,108
ACC2037,Jul-23,11:29,Korba Chhattisgarh,Fatal,Auto-Rickshaw,Clear,National Highway,0,5,Dark,55
ACC2038,Jul-21,00:17,Bilaspur Chhattisgarh,Minor,Pedestrian,Foggy,State Highway,10,0,Dark,76
ACC2039,Sep-21,14:12,Udaipur Tripura,Fatal,Cycle,Stormy,National Highway,3,3,Dusk,70
ACC2040,Jun-22,05:00,New Delhi Delhi,Serious,Auto-Rickshaw,Clear,National Highway,10,3,Dark,46
ACC2041,Oct-23,05:31,Mandi Himachal Pradesh,Fatal,Cycle,Clear,Urban Road,5,3,Dawn,42
ACC2042,Oct-22,14:59,Haridwar Uttarakhand,Fatal,Cycle,Clear,State Highway,3,1,Dawn,52
ACC2043,Feb-21,09:33,New Delhi Delhi,Serious,Cycle,Stormy,State Highway,4,4,Dusk,36
ACC2044,Jun-23,10:40,Jalandhar Punjab,Serious,Truck,Rainy,National Highway,5,4,Dawn,60
ACC2045,Jul-20,12:43,Lunglei Mizoram,Minor,Auto-Rickshaw,Foggy,Urban Road,0,2,Daylight,41
ACC2046,Dec-18,18:18,Vijayawada Andhra Pradesh,Serious,Cycle,Stormy,Village Road,3,2,Dawn,58
ACC2047,Jan-20,07:24,Durg Chhattisgarh,Minor,Two-Wheeler,Clear,Village Road,0,3,Dark,98
ACC2048,Jul-22,08:45,Dimapur Nagaland,Serious,Car,Foggy,Urban Road,1,3,Daylight,93
ACC2049,Mar-21,00:05,Mangan Sikkim,Minor,Pedestrian,Clear,State Highway,7,5,Dawn,87
ACC2050,Apr-23,04:30,Haldwani Uttarakhand,Minor,Auto-Rickshaw,Rainy,State Highway,2,5,Dark,117
ACC2051,Aug-21,09:25,Muzaffarpur Bihar,Minor,Cycle,Clear,National Highway,7,1,Dark,113
ACC2052,Feb-18,23:59,Vasco da Gama Goa,Minor,Truck,Rainy,State Highway,7,0,Daylight,116
ACC2053,Oct-23,14:03,Guwahati Assam,Serious,Bus,Clear,State Highway,1,2,Daylight,41
ACC2054,Sep-19,20:41,Gwalior Madhya Pradesh,Fatal,Pedestrian,Hazy,Village Road,2,5,Daylight,42
ACC2055,Oct-19,22:16,Ranchi Jharkhand,Minor,Cycle,Rainy,State Highway,6,5,Daylight,74
ACC2056,Aug-22,19:57,Champhai Mizoram,Fatal,Auto-Rickshaw,Clear,National Highway,6,2,Dusk,37
ACC2057,Jun-22,07:52,Jodhpur Rajasthan,Minor,Bus,Clear,State Highway,8,5,Dawn,112
ACC2058,Jul-23,02:39,Dimapur Nagaland,Fatal,Car,Foggy,State Highway,1,0,Dusk,116
ACC2059,Oct-20,06:32,Kohima Nagaland,Minor,Auto-Rickshaw,Hazy,Village Road,1,0,Dusk,90
ACC2060,Dec-22,05:43,Kohima Nagaland,Serious,Auto-Rickshaw,Foggy,National Highway,2,0,Dusk,76
ACC2061,Feb-22,18:52,Surat Gujarat,Serious,Bus,Rainy,State Highway,9,5,Daylight,97
ACC2062,May-21,22:24,Visakhapatnam Andhra Pradesh,Minor,Two-Wheeler,Stormy,Village Road,5,0,Daylight,102
ACC2063,May-20,17:29,Pasighat Arunachal Pradesh,Fatal,Auto-Rickshaw,Foggy,State Highway,3,1,Dusk,108
ACC2064,Jan-20,08:27,Udaipur Rajasthan,Serious,Two-Wheeler,Rainy,National Highway,3,2,Dawn,67
ACC2065,Mar-18,21:10,Bilaspur Chhattisgarh,Minor,Two-Wheeler,Stormy,State Highway,3,0,Dawn,72
ACC2066,Sep-20,15:31,Bangalore Karnataka,Fatal,Auto-Rickshaw,Foggy,National Highway,9,3,Dusk,94
ACC2067,Oct-18,02:38,Silchar Assam,Fatal,Bus,Rainy,State Highway,1,3,Dusk,56
ACC2068,Sep-19,22:11,Dharamshala Himachal Pradesh,Serious,Auto-Rickshaw,Foggy,National Highway,5,1,Daylight,45
ACC2069,Aug-19,16:58,Bhubaneswar Odisha,Serious,Car,Hazy,National Highway,4,0,Dawn,57
ACC2070,Jan-20,08:05,Indore Madhya Pradesh,Minor,Two-Wheeler,Clear,National Highway,6,5,Dawn,100
ACC2071,Nov-22,11:58,Kohima Nagaland,Serious,Auto-Rickshaw,Stormy,National Highway,1,4,Dark,36
ACC2072,Nov-23,06:32,Gurugram Haryana,Minor,Pedestrian,Foggy,Urban Road,0,5,Dark,106
ACC2073,Nov-22,10:22,Chennai Tamil Nadu,Serious,Pedestrian,Stormy,Village Road,2,4,Daylight,74
ACC2074,Aug-20,07:53,Dimapur Nagaland,Minor,Bus,Rainy,State Highway,6,4,Dusk,35
ACC2075,May-23,12:26,Muzaffarpur Bihar,Minor,Pedestrian,Hazy,Village Road,10,1,Dawn,63
ACC2076,Jun-19,12:29,New Delhi Delhi,Fatal,Auto-Rickshaw,Rainy,Urban Road,4,1,Daylight,63
ACC2077,Sep-19,07:05,Mangan Sikkim,Minor,Pedestrian,Hazy,Urban Road,0,3,Daylight,80
ACC2078,Nov-20,22:27,Dwarka Delhi,Serious,Car,Foggy,Village Road,0,3,Dusk,35
ACC2079,Aug-22,13:32,Surat Gujarat,Serious,Truck,Rainy,National Highway,10,1,Dusk,83
ACC2080,Mar-22,04:53,Thiruvananthapuram Kerala,Fatal,Two-Wheeler,Clear,Urban Road,8,5,Dark,46
ACC2081,Apr-23,04:58,Guwahati Assam,Serious,Auto-Rickshaw,Rainy,National Highway,6,4,Dawn,104
ACC2082,Oct-22,19:23,Lunglei Mizoram,Serious,Cycle,Hazy,State Highway,0,3,Dawn,47
ACC2083,Jun-20,15:56,Imphal Manipur,Serious,Pedestrian,Foggy,National Highway,3,5,Dark,42
ACC2084,Dec-19,08:29,Haldwani Uttarakhand,Fatal,Car,Stormy,Urban Road,8,5,Dawn,73
ACC2085,Nov-18,04:30,Aizawl Mizoram,Minor,Bus,Clear,State Highway,9,3,Dawn,108
ACC2086,Mar-20,13:59,Dharamshala Himachal Pradesh,Minor,Two-Wheeler,Hazy,Village Road,5,2,Daylight,63
ACC2087,Apr-21,15:14,Haridwar Uttarakhand,Minor,Truck,Stormy,Village Road,7,0,Dark,39
ACC2088,Dec-21,08:42,Srinagar Jammu and Kashmir,Serious,Cycle,Clear,Village Road,2,0,Dusk,100
ACC2089,Feb-18,15:33,Panaji Goa,Fatal,Bus,Stormy,State Highway,8,3,Dusk,53
ACC2090,Jul-22,13:30,Pasighat Arunachal Pradesh,Fatal,Cycle,Stormy,Village Road,1,1,Dawn,90
ACC2091,Jul-23,10:57,Mangalore Karnataka,Minor,Auto-Rickshaw,Hazy,Village Road,9,3,Dawn,91
ACC2092,Oct-19,18:54,Panipat Haryana,Serious,Two-Wheeler,Foggy,National Highway,8,2,Dark,67
ACC2093,Dec-21,17:01,Kozhikode Kerala,Serious,Bus,Foggy,Village Road,7,3,Daylight,46
ACC2094,Apr-18,12:17,Bishnupur Manipur,Serious,Pedestrian,Foggy,State Highway,10,0,Daylight,90
ACC2095,Oct-22,17:22,Udaipur Rajasthan,Serious,Truck,Hazy,Village Road,9,3,Daylight,99
ACC2096,Nov-23,11:39,Chennai Tamil Nadu,Minor,Auto-Rickshaw,Rainy,Village Road,5,2,Daylight,32
ACC2097,Feb-21,13:20,New Delhi Delhi,Serious,Truck,Clear,Village Road,0,3,Dawn,72
ACC2098,Sep-21,18:17,Cuttack Odisha,Fatal,Cycle,Stormy,National Highway,2,2,Dusk,60
ACC2099,Jun-23,13:17,Anantnag Jammu and Kashmir,Fatal,Cycle,Rainy,National Highway,7,2,Dark,61
ACC2100,Feb-22,09:07,Mangan Sikkim,Minor,Car,Stormy,National Highway,6,0,Dusk,38
ACC2101,Apr-21,20:00,Mandi Himachal Pradesh,Serious,Truck,Hazy,National Highway,6,1,Dusk,79
ACC2102,Oct-20,08:28,Mumbai Maharashtra,Fatal,Truck,Rainy,National Highway,1,3,Daylight,63
ACC2103,Jul-21,19:12,Dibrugarh Assam,Minor,Auto-Rickshaw,Rainy,Village Road,4,5,Dawn,45
ACC2104,Nov-23,03:54,Jabalpur Madhya Pradesh,Minor,Pedestrian,Hazy,National Highway,2,4,Dawn,107
ACC2105,Sep-23,11:27,Bhilai Chhattisgarh,Fatal,Cycle,Rainy,Urban Road,0,1,Dawn,77
ACC2106,Dec-22,15:40,Karaikal Puducherry,Minor,Auto-Rickshaw,Foggy,State Highway,1,3,Dusk,75
ACC2107,May-23,16:59,Chandigarh Chandigarh,Minor,Two-Wheeler,Clear,National Highway,3,4,Daylight,44
ACC2108,Aug-22,02:47,Naharlagun Arunachal Pradesh,Minor,Truck,Foggy,Village Road,0,3,Dawn,103
ACC2109,Dec-20,01:13,Haridwar Uttarakhand,Serious,Cycle,Rainy,National Highway,1,3,Dawn,94
ACC2110,Jul-21,15:16,Bhubaneswar Odisha,Serious,Two-Wheeler,Rainy,National Highway,9,4,Dawn,43
ACC2111,Jul-21,19:06,Naharlagun Arunachal Pradesh,Minor,Truck,Foggy,Urban Road,8,4,Dark,105
ACC2112,Jun-19,05:36,Tura Meghalaya,Serious,Cycle,Stormy,State Highway,9,2,Daylight,47
ACC2113,Dec-23,06:41,Dimapur Nagaland,Minor,Bus,Clear,State Highway,6,2,Daylight,43
ACC2114,Jan-20,20:31,Lunglei Mizoram,Minor,Cycle,Hazy,Village Road,1,1,Dusk,43
ACC2115,May-19,14:09,Shillong Meghalaya,Minor,Pedestrian,Foggy,Village Road,1,2,Dawn,62
ACC2116,Oct-22,03:40,Panipat Haryana,Fatal,Bus,Foggy,State Highway,9,5,Dark,87
ACC2117,Dec-22,21:42,Tirupati Andhra Pradesh,Fatal,Auto-Rickshaw,Hazy,National Highway,4,0,Dusk,59
ACC2118,Mar-19,03:10,Haridwar Uttarakhand,Fatal,Bus,Clear,Urban Road,1,2,Dark,38
ACC2119,Aug-22,22:19,Bhagalpur Bihar,Fatal,Truck,Foggy,Urban Road,3,3,Dawn,58
ACC2120,Feb-18,03:06,Gyalshing Sikkim,Serious,Car,Clear,National Highway,3,0,Dark,70
ACC2121,Nov-22,20:02,Bhagalpur Bihar,Fatal,Auto-Rickshaw,Hazy,Urban Road,6,2,Dark,61
ACC2122,May-18,21:26,Patna Bihar,Serious,Cycle,Foggy,State Highway,8,5,Dark,86
ACC2123,May-21,09:39,Kanpur Uttar Pradesh,Fatal,Truck,Clear,Village Road,3,5,Dark,109
ACC2124,Jan-21,17:04,Nongstoin Meghalaya,Minor,Truck,Rainy,National Highway,1,0,Daylight,101
ACC2125,Aug-23,13:16,Amritsar Punjab,Minor,Cycle,Hazy,National Highway,10,4,Dark,99
ACC2126,Dec-18,16:46,Panipat Haryana,Serious,Bus,Rainy,Village Road,6,1,Dark,92
ACC2127,Mar-21,05:42,Kozhikode Kerala,Serious,Auto-Rickshaw,Rainy,Village Road,2,4,Dark,107
ACC2128,Oct-18,19:31,Raipur Chhattisgarh,Serious,Bus,Rainy,State Highway,8,4,Dawn,31
ACC2129,Mar-21,08:12,Mangalore Karnataka,Minor,Pedestrian,Rainy,State Highway,10,2,Daylight,108
ACC2130,Aug-19,13:29,Jammu Jammu and Kashmir,Minor,Truck,Foggy,State Highway,5,1,Dark,87
ACC2131,Oct-23,23:46,Champhai Mizoram,Fatal,Cycle,Foggy,National Highway,10,3,Daylight,96
ACC2132,Mar-22,22:41,Korba Chhattisgarh,Serious,Two-Wheeler,Clear,State Highway,1,5,Dusk,79
ACC2133,Nov-23,12:32,Rourkela Odisha,Fatal,Cycle,Foggy,Village Road,7,5,Dusk,46
ACC2134,Aug-19,08:27,Gaya Bihar,Serious,Bus,Rainy,National Highway,9,1,Dark,58
ACC2135,Nov-20,18:53,Naharlagun Arunachal Pradesh,Fatal,Bus,Stormy,Village Road,5,5,Daylight,56
ACC2136,Jun-22,21:24,Jammu Jammu and Kashmir,Serious,Bus,Stormy,Village Road,2,1,Dawn,70
ACC2137,Jun-21,01:06,Patiala Punjab,Minor,Car,Stormy,National Highway,10,5,Daylight,118
ACC2138,Dec-23,02:52,Bangalore Karnataka,Fatal,Auto-Rickshaw,Foggy,Village Road,7,1,Dark,43
ACC2139,Sep-22,15:55,Gurugram Haryana,Minor,Two-Wheeler,Rainy,Urban Road,1,2,Dusk,56
ACC2140,Feb-21,13:31,Puri Odisha,Serious,Truck,Rainy,State Highway,3,0,Daylight,102
ACC2141,Apr-18,14:08,Gaya Bihar,Fatal,Bus,Rainy,Village Road,8,3,Dark,118
ACC2142,Apr-20,09:42,Margao Goa,Serious,Auto-Rickshaw,Hazy,Urban Road,6,3,Dusk,114
ACC2143,Mar-23,17:09,Bhagalpur Bihar,Fatal,Pedestrian,Hazy,Urban Road,10,2,Dawn,105
ACC2144,Oct-20,14:54,Warangal Telangana,Fatal,Car,Hazy,State Highway,1,3,Dawn,116
ACC2145,Jan-23,07:57,Siliguri West Bengal,Fatal,Pedestrian,Foggy,National Highway,2,4,Dusk,88
ACC2146,Jul-19,17:47,Vasco da Gama Goa,Serious,Truck,Foggy,National Highway,5,4,Daylight,75
ACC2147,Sep-23,09:42,Durgapur West Bengal,Minor,Auto-Rickshaw,Hazy,Urban Road,10,4,Dark,77
ACC2148,Nov-18,20:31,Siliguri West Bengal,Fatal,Cycle,Stormy,Urban Road,0,5,Dark,105
ACC2149,Dec-18,18:52,Dwarka Delhi,Fatal,Bus,Hazy,National Highway,10,5,Dusk,109
ACC2150,Aug-23,17:45,Pasighat Arunachal Pradesh,Fatal,Truck,Stormy,National Highway,1,2,Dusk,87
ACC2151,Feb-19,12:41,Patna Bihar,Minor,Truck,Foggy,Village Road,5,2,Dusk,96
ACC2152,May-23,06:57,Haridwar Uttarakhand,Fatal,Auto-Rickshaw,Rainy,National Highway,8,0,Dusk,61
ACC2153,Mar-20,06:27,Dharamshala Himachal Pradesh,Minor,Cycle,Clear,Urban Road,2,3,Daylight,98
ACC2154,Jul-20,22:32,Shillong Meghalaya,Minor,Cycle,Rainy,National Highway,2,5,Dark,91
ACC2155,Apr-21,12:06,Kanpur Uttar Pradesh,Serious,Car,Clear,Urban Road,0,3,Dusk,82
ACC2156,Nov-22,18:17,Naharlagun Arunachal Pradesh,Serious,Cycle,Stormy,Village Road,6,0,Dark,112
ACC2157,Jan-20,05:34,Agartala Tripura,Minor,Bus,Clear,Urban Road,7,4,Dusk,105
ACC2158,Aug-18,20:44,Visakhapatnam Andhra Pradesh,Minor,Auto-Rickshaw,Hazy,Urban Road,7,2,Dawn,112
ACC2159,Jul-19,07:58,Hyderabad Telangana,Fatal,Auto-Rickshaw,Clear,Village Road,10,0,Daylight,37
ACC2160,Nov-20,07:34,Guwahati Assam,Serious,Truck,Clear,National Highway,4,2,Dark,42
ACC2161,Nov-21,07:24,Mumbai Maharashtra,Fatal,Cycle,Clear,National Highway,2,4,Dusk,35
ACC2162,Sep-22,00:48,Baramulla Jammu and Kashmir,Fatal,Truck,Foggy,State Highway,2,5,Dusk,54
ACC2163,Nov-22,19:50,Jodhpur Rajasthan,Minor,Truck,Hazy,Village Road,3,3,Dark,54
ACC2164,Nov-23,03:05,Anantnag Jammu and Kashmir,Minor,Truck,Clear,Urban Road,7,2,Dark,114
ACC2165,Nov-18,13:27,Naharlagun Arunachal Pradesh,Fatal,Truck,Hazy,Urban Road,8,5,Dawn,86
ACC2166,Oct-19,14:20,Chandigarh Chandigarh,Serious,Two-Wheeler,Hazy,National Highway,8,4,Daylight,71
ACC2167,Nov-21,18:01,Kohima Nagaland,Serious,Cycle,Rainy,Urban Road,0,4,Dawn,76
ACC2168,Aug-19,20:32,Bokaro Jharkhand,Serious,Truck,Foggy,Urban Road,6,2,Dawn,84
ACC2169,Apr-18,04:34,Ambala Haryana,Minor,Truck,Hazy,Urban Road,7,1,Daylight,42
ACC2170,Mar-23,06:39,Anantnag Jammu and Kashmir,Minor,Car,Hazy,Village Road,9,2,Dusk,46
ACC2171,Feb-21,08:58,Haldwani Uttarakhand,Minor,Pedestrian,Foggy,National Highway,10,3,Dusk,65
ACC2172,Aug-22,23:00,Gyalshing Sikkim,Serious,Car,Hazy,Village Road,5,3,Dark,80
ACC2173,May-22,03:05,Guwahati Assam,Fatal,Pedestrian,Stormy,National Highway,10,0,Dusk,60
ACC2174,Aug-19,19:13,Nagpur Maharashtra,Fatal,Bus,Rainy,Urban Road,3,3,Dawn,64
ACC2175,Jul-23,23:00,Chandigarh Chandigarh,Minor,Auto-Rickshaw,Foggy,State Highway,7,2,Dark,100
ACC2176,Apr-23,21:17,Chennai Tamil Nadu,Fatal,Car,Stormy,State Highway,2,2,Dark,100
ACC2177,Jun-22,21:29,Jorhat Assam,Minor,Pedestrian,Stormy,State Highway,10,2,Dawn,61
ACC2178,May-18,13:24,Varanasi Uttar Pradesh,Minor,Pedestrian,Hazy,National Highway,1,1,Dawn,34
ACC2179,Apr-23,22:11,Korba Chhattisgarh,Minor,Auto-Rickshaw,Foggy,Urban Road,4,2,Dawn,67
ACC2180,Oct-23,03:58,Tirupati Andhra Pradesh,Fatal,Cycle,Rainy,Urban Road,0,2,Dawn,35
ACC2181,Mar-22,00:54,Panaji Goa,Minor,Bus,Hazy,National Highway,9,0,Dusk,115
ACC2182,Jan-18,13:21,Chennai Tamil Nadu,Minor,Two-Wheeler,Foggy,Urban Road,0,1,Daylight,69
ACC2183,Apr-18,06:35,Durg Chhattisgarh,Minor,Auto-Rickshaw,Hazy,Urban Road,8,1,Dawn,75
ACC2184,Nov-20,20:15,Dimapur Nagaland,Fatal,Cycle,Stormy,State Highway,6,3,Daylight,33
ACC2185,Nov-21,07:04,Shimla Himachal Pradesh,Serious,Auto-Rickshaw,Foggy,State Highway,0,5,Dark,71
ACC2186,Jan-22,02:13,Karaikal Puducherry,Minor,Truck,Hazy,Village Road,7,3,Daylight,34
ACC2187,Oct-23,10:36,Karaikal Puducherry,Minor,Pedestrian,Clear,Urban Road,8,1,Dusk,44
ACC2188,May-18,17:09,Puducherry Puducherry,Minor,Pedestrian,Rainy,Village Road,0,1,Dawn,88
ACC2189,Jul-20,02:46,Baramulla Jammu and Kashmir,Minor,Two-Wheeler,Stormy,Urban Road,10,0,Dusk,114
ACC2190,Jun-18,04:48,Rohini Delhi,Fatal,Bus,Stormy,National Highway,0,0,Dawn,100
ACC2191,Apr-19,12:40,Dehradun Uttarakhand,Minor,Cycle,Clear,State Highway,7,5,Dusk,111
ACC2192,Jun-23,07:41,Margao Goa,Fatal,Cycle,Hazy,Village Road,4,2,Dark,50
ACC2193,Oct-19,15:23,Jalandhar Punjab,Minor,Pedestrian,Stormy,Village Road,3,1,Dark,80
ACC2194,Apr-19,03:12,Siliguri West Bengal,Minor,Bus,Foggy,National Highway,10,1,Dusk,55
ACC2195,Nov-18,09:30,Dharmanagar Tripura,Serious,Two-Wheeler,Rainy,National Highway,1,4,Dusk,108
ACC2196,Apr-23,12:42,Udaipur Rajasthan,Serious,Bus,Stormy,National Highway,5,5,Daylight,46
ACC2197,Nov-22,17:53,Mokokchung Nagaland,Serious,Pedestrian,Hazy,Village Road,1,5,Dawn,38
ACC2198,Aug-18,12:17,Jaipur Rajasthan,Fatal,Pedestrian,Foggy,National Highway,3,1,Dawn,98
ACC2199,Aug-23,23:40,Itanagar Arunachal Pradesh,Serious,Pedestrian,Stormy,National Highway,0,1,Dark,65
ACC2200,Oct-22,08:15,Amritsar Punjab,Fatal,Car,Stormy,National Highway,1,5,Daylight,52
ACC2201,Jul-21,19:51,Solan Himachal Pradesh,Fatal,Bus,Clear,Urban Road,8,3,Dusk,55
ACC2202,Jun-18,02:30,Kochi Kerala,Fatal,Cycle,Stormy,Village Road,0,3,Dusk,66
ACC2203,Mar-22,10:42,Haldwani Uttarakhand,Fatal,Bus,Clear,Village Road,4,1,Dawn,71
ACC2204,Apr-19,21:21,Raipur Chhattisgarh,Minor,Two-Wheeler,Stormy,National Highway,4,4,Daylight,56
ACC2205,Mar-21,04:50,Jaipur Rajasthan,Serious,Truck,Hazy,Urban Road,9,2,Dusk,48
ACC2206,Aug-18,13:44,Kochi Kerala,Serious,Truck,Rainy,State Highway,5,2,Dawn,81
ACC2207,Aug-18,16:37,Coimbatore Tamil Nadu,Minor,Car,Foggy,Village Road,9,2,Daylight,75
ACC2208,Oct-22,22:28,Bokaro Jharkhand,Minor,Auto-Rickshaw,Foggy,National Highway,2,5,Dawn,82
ACC2209,Sep-21,02:03,Faridabad Haryana,Fatal,Car,Hazy,Village Road,10,0,Dusk,86
ACC2210,Jan-23,09:40,Pune Maharashtra,Minor,Two-Wheeler,Clear,National Highway,8,0,Dark,34
ACC2211,May-23,12:15,Dehradun Uttarakhand,Serious,Car,Hazy,Urban Road,3,2,Daylight,70
ACC2212,Nov-20,05:17,Jodhpur Rajasthan,Serious,Auto-Rickshaw,Stormy,Village Road,6,1,Daylight,50
ACC2213,Aug-21,12:39,Mapusa Goa,Minor,Car,Rainy,State Highway,9,4,Dusk,36
ACC2214,Nov-23,07:53,Bhilai Chhattisgarh,Serious,Truck,Foggy,National Highway,10,0,Dusk,47
ACC2215,Dec-21,02:01,Lunglei Mizoram,Fatal,Bus,Hazy,State Highway,4,2,Dusk,72
ACC2216,Jul-18,02:55,Kochi Kerala,Fatal,Bus,Rainy,National Highway,8,1,Dark,89
ACC2217,Dec-23,17:51,Rourkela Odisha,Serious,Cycle,Rainy,National Highway,4,3,Dusk,48
ACC2218,Mar-19,22:01,Kanpur Uttar Pradesh,Serious,Auto-Rickshaw,Rainy,Village Road,8,5,Dawn,57
ACC2219,Jan-23,03:17,Gaya Bihar,Fatal,Car,Stormy,National Highway,7,1,Dusk,58
ACC2220,Mar-21,22:33,Patna Bihar,Fatal,Truck,Rainy,Village Road,0,1,Dark,91
ACC2221,Apr-23,10:38,Thrissur Kerala,Serious,Bus,Foggy,National Highway,7,3,Dawn,105
ACC2222,Jun-23,00:05,Namchi Sikkim,Minor,Two-Wheeler,Clear,National Highway,9,4,Daylight,59
ACC2223,Nov-19,10:03,Chandigarh Chandigarh,Serious,Bus,Clear,State Highway,4,0,Dawn,49
ACC2224,Jan-20,23:52,Kolkata West Bengal,Fatal,Pedestrian,Rainy,State Highway,9,3,Dark,47
ACC2225,Jan-20,20:26,Tura Meghalaya,Serious,Two-Wheeler,Rainy,Village Road,3,2,Dark,100
ACC2226,Jul-21,17:53,Dehradun Uttarakhand,Fatal,Pedestrian,Foggy,State Highway,10,0,Dawn,60
ACC2227,May-19,03:24,Mangan Sikkim,Serious,Two-Wheeler,Clear,Urban Road,4,0,Daylight,78
ACC2228,Mar-21,08:36,Puducherry Puducherry,Fatal,Bus,Hazy,Urban Road,3,5,Daylight,84
ACC2229,May-19,15:49,Thiruvananthapuram Kerala,Fatal,Car,Clear,Village Road,1,0,Dusk,77
ACC2230,Sep-23,01:36,Haridwar Uttarakhand,Serious,Truck,Hazy,State Highway,5,3,Dusk,56
ACC2231,Jan-22,15:55,Nagpur Maharashtra,Fatal,Pedestrian,Foggy,National Highway,2,1,Daylight,75
ACC2232,May-23,22:55,Bishnupur Manipur,Minor,Car,Foggy,Urban Road,5,4,Dark,50
ACC2233,Apr-22,09:45,Mapusa Goa,Minor,Two-Wheeler,Rainy,National Highway,2,5,Dawn,35
ACC2234,Dec-21,05:26,Lucknow Uttar Pradesh,Serious,Bus,Hazy,State Highway,9,3,Dusk,75
ACC2235,Feb-22,23:44,Thrissur Kerala,Serious,Car,Clear,Village Road,6,3,Daylight,51
ACC2236,Aug-23,22:58,Silchar Assam,Minor,Cycle,Hazy,Village Road,0,3,Dawn,89
ACC2237,Apr-19,07:21,Guwahati Assam,Fatal,Bus,Clear,Urban Road,3,1,Daylight,34
ACC2238,Oct-20,23:42,Udaipur Rajasthan,Minor,Bus,Rainy,National Highway,7,2,Dawn,108
ACC2239,Feb-18,04:55,Gaya Bihar,Serious,Pedestrian,Rainy,State Highway,2,0,Dawn,119
ACC2240,Nov-22,22:31,Kolkata West Bengal,Fatal,Cycle,Foggy,National Highway,7,5,Daylight,111
ACC2241,Jan-18,05:18,Kochi Kerala,Minor,Two-Wheeler,Stormy,State Highway,2,3,Dark,68
ACC2242,Jan-20,15:34,Nizamabad Telangana,Serious,Two-Wheeler,Hazy,Village Road,3,0,Dawn,30
ACC2243,Oct-23,12:07,Dibrugarh Assam,Fatal,Pedestrian,Rainy,Urban Road,10,0,Dusk,53
ACC2244,Apr-20,00:55,Chandigarh Chandigarh,Serious,Two-Wheeler,Stormy,State Highway,3,1,Daylight,55
ACC2245,Aug-18,18:56,Ludhiana Punjab,Fatal,Bus,Stormy,National Highway,4,5,Dusk,104
ACC2246,Apr-20,10:35,Agartala Tripura,Serious,Bus,Foggy,Village Road,7,4,Dusk,88
ACC2247,Jul-18,20:00,Dimapur Nagaland,Fatal,Car,Foggy,State Highway,6,1,Dark,42
ACC2248,Mar-20,06:53,Vijayawada Andhra Pradesh,Minor,Cycle,Foggy,Village Road,4,1,Daylight,57
ACC2249,Feb-23,08:20,Lunglei Mizoram,Fatal,Pedestrian,Stormy,National Highway,2,4,Dusk,43
ACC2250,Aug-20,17:28,Bangalore Karnataka,Minor,Truck,Rainy,Urban Road,10,0,Dusk,98
ACC2251,Jul-20,23:34,Namchi Sikkim,Fatal,Two-Wheeler,Stormy,National Highway,10,0,Dawn,34
ACC2252,May-19,09:38,Ranchi Jharkhand,Fatal,Pedestrian,Foggy,National Highway,5,0,Dark,78
ACC2253,Mar-22,18:37,Thoubal Manipur,Serious,Pedestrian,Hazy,State Highway,10,2,Daylight,90
ACC2254,Aug-20,04:49,Amritsar Punjab,Serious,Auto-Rickshaw,Stormy,Urban Road,5,2,Dark,99
ACC2255,Dec-21,03:04,Ambala Haryana,Minor,Car,Clear,National Highway,6,5,Daylight,115
ACC2256,Nov-23,05:07,Agartala Tripura,Serious,Car,Rainy,Village Road,1,1,Dawn,76
ACC2257,Jun-22,06:33,Mumbai Maharashtra,Fatal,Cycle,Clear,Village Road,2,1,Dark,37
ACC2258,Feb-21,21:37,Jaipur Rajasthan,Serious,Truck,Foggy,Urban Road,8,5,Dusk,94
ACC2259,May-21,00:39,Cuttack Odisha,Minor,Two-Wheeler,Stormy,Urban Road,7,1,Dusk,32
ACC2260,Feb-20,07:55,Mandi Himachal Pradesh,Fatal,Car,Hazy,State Highway,9,0,Dawn,46
ACC2261,Oct-18,14:10,Naharlagun Arunachal Pradesh,Serious,Auto-Rickshaw,Rainy,State Highway,8,2,Dawn,90
ACC2262,Jun-21,13:31,Jowai Meghalaya,Serious,Bus,Hazy,State Highway,1,3,Dawn,107
ACC2263,Sep-21,14:48,Chennai Tamil Nadu,Fatal,Pedestrian,Stormy,Urban Road,8,3,Daylight,63
ACC2264,Feb-20,16:29,Surat Gujarat,Fatal,Two-Wheeler,Foggy,State Highway,1,1,Dark,97
ACC2265,Jul-18,08:05,Durg Chhattisgarh,Serious,Car,Hazy,State Highway,3,3,Dusk,83
ACC2266,Dec-22,10:46,Bhubaneswar Odisha,Minor,Car,Rainy,National Highway,10,3,Dusk,61
ACC2267,May-20,21:51,Mapusa Goa,Serious,Truck,Foggy,Urban Road,2,2,Dark,104
ACC2268,Nov-21,21:39,Baramulla Jammu and Kashmir,Serious,Two-Wheeler,Rainy,State Highway,0,2,Dark,41
ACC2269,Aug-23,22:07,Nizamabad Telangana,Minor,Pedestrian,Stormy,Village Road,5,0,Dark,36
ACC2270,Aug-19,18:44,Itanagar Arunachal Pradesh,Fatal,Cycle,Stormy,State Highway,2,5,Dark,35
ACC2271,Sep-20,07:27,Dhanbad Jharkhand,Serious,Cycle,Clear,National Highway,8,3,Daylight,40
ACC2272,Mar-23,08:37,Tirupati Andhra Pradesh,Fatal,Pedestrian,Foggy,State Highway,0,1,Dusk,49
ACC2273,May-19,22:32,Bhagalpur Bihar,Serious,Bus,Clear,State Highway,9,5,Dark,49
ACC2274,Mar-23,09:15,Ahmedabad Gujarat,Fatal,Car,Hazy,Village Road,10,0,Daylight,119
ACC2275,Jul-23,12:43,Amritsar Punjab,Minor,Pedestrian,Rainy,Urban Road,4,5,Dusk,115
ACC2276,Apr-23,04:10,Mandi Himachal Pradesh,Serious,Bus,Clear,Village Road,8,1,Dark,113
ACC2277,Jan-19,23:24,Gangtok Sikkim,Fatal,Two-Wheeler,Foggy,National Highway,0,4,Daylight,115
ACC2278,Feb-19,02:18,Baramulla Jammu and Kashmir,Serious,Pedestrian,Stormy,Urban Road,0,4,Dusk,85
ACC2279,Feb-21,03:31,Karimnagar Telangana,Minor,Auto-Rickshaw,Foggy,Village Road,7,1,Dark,84
ACC2280,Jul-18,09:28,Siliguri West Bengal,Fatal,Two-Wheeler,Rainy,National Highway,10,0,Dawn,115
ACC2281,May-22,13:11,Tura Meghalaya,Minor,Car,Rainy,Village Road,9,3,Daylight,116
ACC2282,Apr-23,12:45,Gaya Bihar,Minor,Truck,Foggy,State Highway,4,5,Dawn,99
ACC2283,Jul-21,17:00,Mandi Himachal Pradesh,Minor,Bus,Stormy,Urban Road,9,2,Daylight,73
ACC2284,Oct-20,01:59,Dharamshala Himachal Pradesh,Minor,Bus,Foggy,Village Road,4,4,Dawn,114
ACC2285,Nov-22,20:50,Dibrugarh Assam,Minor,Truck,Stormy,State Highway,3,0,Dark,111
ACC2286,Jun-22,06:34,Lunglei Mizoram,Minor,Truck,Hazy,National Highway,6,3,Dark,89
ACC2287,Jan-19,05:49,Coimbatore Tamil Nadu,Serious,Cycle,Foggy,Village Road,10,1,Dark,112
ACC2288,Nov-21,23:58,Shimla Himachal Pradesh,Serious,Pedestrian,Clear,State Highway,9,5,Dawn,85
ACC2289,Jul-19,06:28,Guwahati Assam,Fatal,Truck,Clear,Urban Road,4,3,Dawn,118
ACC2290,Jun-22,04:57,Udaipur Tripura,Serious,Car,Clear,National Highway,6,3,Dusk,60
ACC2291,Dec-21,18:49,Mangan Sikkim,Minor,Bus,Clear,National Highway,10,5,Dawn,36
ACC2292,Dec-21,11:10,Bhilai Chhattisgarh,Minor,Truck,Rainy,State Highway,7,1,Dusk,87
ACC2293,Feb-21,17:07,Thrissur Kerala,Serious,Cycle,Rainy,National Highway,7,2,Daylight,93
ACC2294,Jul-18,19:59,Varanasi Uttar Pradesh,Minor,Cycle,Hazy,Village Road,4,5,Dawn,82
ACC2295,Dec-21,16:19,Champhai Mizoram,Fatal,Cycle,Foggy,Village Road,10,0,Dusk,63
ACC2296,Jul-20,11:50,Coimbatore Tamil Nadu,Fatal,Two-Wheeler,Stormy,State Highway,5,1,Dawn,46
ACC2297,May-20,16:24,Gurugram Haryana,Serious,Pedestrian,Stormy,State Highway,0,0,Dawn,82
ACC2298,Jul-22,20:32,Nizamabad Telangana,Fatal,Auto-Rickshaw,Hazy,National Highway,3,0,Dark,77
ACC2299,Apr-20,11:13,Chennai Tamil Nadu,Minor,Auto-Rickshaw,Foggy,Urban Road,3,3,Daylight,99
ACC2300,Dec-21,00:34,Kanpur Uttar Pradesh,Minor,Truck,Clear,Urban Road,5,1,Daylight,112
ACC2301,Mar-18,07:15,Surat Gujarat,Minor,Two-Wheeler,Clear,Village Road,4,0,Daylight,70
ACC2302,Aug-22,18:05,Ranchi Jharkhand,Minor,Auto-Rickshaw,Stormy,State Highway,6,4,Dusk,105
ACC2303,Jul-23,22:17,Ludhiana Punjab,Fatal,Pedestrian,Stormy,State Highway,7,3,Dusk,78
ACC2304,Jun-20,01:17,Kanpur Uttar Pradesh,Serious,Bus,Rainy,Village Road,10,5,Dusk,101
ACC2305,Feb-22,01:11,Gurugram Haryana,Fatal,Auto-Rickshaw,Clear,National Highway,4,5,Daylight,52
ACC2306,Apr-18,00:41,Karaikal Puducherry,Serious,Cycle,Clear,National Highway,5,5,Dark,96
ACC2307,Jun-21,14:29,Dwarka Delhi,Fatal,Two-Wheeler,Rainy,Urban Road,9,5,Dusk,100
ACC2308,Jun-21,04:08,Nizamabad Telangana,Minor,Auto-Rickshaw,Stormy,National Highway,0,4,Dusk,97
ACC2309,May-23,05:34,Dhanbad Jharkhand,Serious,Truck,Hazy,Urban Road,7,1,Dawn,64
ACC2310,May-18,01:07,Thrissur Kerala,Minor,Auto-Rickshaw,Rainy,Village Road,9,5,Daylight,88
ACC2311,Aug-21,18:55,Agartala Tripura,Fatal,Cycle,Stormy,National Highway,0,2,Dawn,97
ACC2312,Feb-23,12:06,Puducherry Puducherry,Minor,Bus,Hazy,Village Road,8,4,Dawn,60
ACC2313,May-19,23:37,Hyderabad Telangana,Minor,Car,Stormy,National Highway,9,3,Daylight,56
ACC2314,Oct-18,21:52,Mapusa Goa,Fatal,Two-Wheeler,Foggy,State Highway,4,5,Dusk,77
ACC2315,Sep-18,09:07,Thrissur Kerala,Serious,Car,Rainy,State Highway,8,3,Dark,99
ACC2316,Mar-22,22:08,Muzaffarpur Bihar,Fatal,Pedestrian,Foggy,State Highway,1,5,Dawn,110
ACC2317,Oct-19,19:01,Mumbai Maharashtra,Serious,Cycle,Stormy,Urban Road,3,5,Dark,41
ACC2318,Feb-23,08:12,Gurugram Haryana,Serious,Auto-Rickshaw,Clear,Urban Road,3,5,Dark,80
ACC2319,Apr-23,05:53,Jodhpur Rajasthan,Fatal,Pedestrian,Stormy,Urban Road,10,4,Dawn,103
ACC2320,Oct-18,18:09,Panaji Goa,Serious,Bus,Clear,Village Road,9,5,Dawn,46
ACC2321,May-20,03:21,Guwahati Assam,Serious,Auto-Rickshaw,Foggy,Urban Road,2,3,Daylight,85
ACC2322,Nov-23,01:19,Indore Madhya Pradesh,Fatal,Pedestrian,Foggy,Urban Road,8,4,Dark,71
ACC2323,Apr-21,07:30,Naharlagun Arunachal Pradesh,Fatal,Pedestrian,Stormy,Urban Road,5,1,Daylight,116
ACC2324,Aug-18,08:26,Namchi Sikkim,Minor,Auto-Rickshaw,Clear,Village Road,3,1,Dark,48
ACC2325,Sep-18,16:25,Lucknow Uttar Pradesh,Serious,Pedestrian,Foggy,Urban Road,0,4,Dark,107
ACC2326,Jun-19,04:38,Imphal Manipur,Minor,Truck,Stormy,National Highway,1,0,Dusk,114
ACC2327,Jun-23,00:11,Gyalshing Sikkim,Minor,Cycle,Foggy,State Highway,4,5,Daylight,43
ACC2328,May-22,23:48,Gurugram Haryana,Minor,Pedestrian,Foggy,State Highway,8,3,Dawn,96
ACC2329,Apr-18,17:55,Mumbai Maharashtra,Fatal,Truck,Stormy,National Highway,1,2,Dark,85
ACC2330,Nov-20,14:36,Chandigarh Chandigarh,Serious,Car,Hazy,National Highway,6,5,Dawn,102
ACC2331,Aug-22,10:14,Faridabad Haryana,Fatal,Cycle,Rainy,National Highway,3,1,Dark,62
ACC2332,Oct-21,08:03,Baramulla Jammu and Kashmir,Serious,Pedestrian,Foggy,Village Road,10,4,Dawn,59
ACC2333,May-22,00:21,Chandigarh Chandigarh,Serious,Auto-Rickshaw,Stormy,National Highway,9,1,Dusk,106
ACC2334,Aug-18,05:45,Kozhikode Kerala,Serious,Bus,Foggy,Urban Road,0,3,Dawn,82
ACC2335,Feb-21,15:06,Udaipur Tripura,Serious,Auto-Rickshaw,Hazy,State Highway,7,4,Dark,75
ACC2336,May-18,11:22,Madurai Tamil Nadu,Minor,Cycle,Foggy,National Highway,5,0,Dawn,79
ACC2337,Dec-20,12:22,Nizamabad Telangana,Serious,Pedestrian,Hazy,State Highway,6,1,Dusk,103
ACC2338,Mar-22,14:03,Ludhiana Punjab,Fatal,Bus,Stormy,Village Road,10,2,Daylight,68
ACC2339,Feb-19,13:55,Dhanbad Jharkhand,Minor,Pedestrian,Clear,Village Road,10,5,Dawn,100
ACC2340,Feb-22,10:33,Puri Odisha,Serious,Bus,Hazy,State Highway,2,1,Dusk,89
ACC2341,Sep-18,20:24,New Delhi Delhi,Serious,Two-Wheeler,Foggy,National Highway,6,4,Dusk,104
ACC2342,Dec-18,10:23,Mysore Karnataka,Fatal,Pedestrian,Hazy,State Highway,5,3,Dusk,36
ACC2343,Jan-20,15:33,Pune Maharashtra,Minor,Cycle,Stormy,National Highway,1,0,Daylight,99
ACC2344,May-20,18:51,Dharmanagar Tripura,Serious,Bus,Clear,National Highway,8,1,Dusk,37
ACC2345,Aug-19,21:18,Udaipur Rajasthan,Serious,Pedestrian,Hazy,Village Road,8,4,Daylight,87
ACC2346,Jun-18,12:50,Mumbai Maharashtra,Fatal,Bus,Clear,Urban Road,6,1,Daylight,120
ACC2347,Sep-21,09:45,Dhanbad Jharkhand,Fatal,Pedestrian,Hazy,National Highway,4,3,Dawn,46
ACC2348,Apr-21,05:00,Coimbatore Tamil Nadu,Fatal,Bus,Hazy,Village Road,10,4,Dawn,104
ACC2349,Dec-20,02:03,Cuttack Odisha,Minor,Car,Hazy,Village Road,1,2,Dark,94
ACC2350,Mar-23,21:32,Jammu Jammu and Kashmir,Fatal,Pedestrian,Hazy,State Highway,2,5,Dark,111
ACC2351,Aug-22,00:38,Dibrugarh Assam,Minor,Two-Wheeler,Rainy,Village Road,9,3,Dusk,103
ACC2352,Jun-19,08:49,Lunglei Mizoram,Fatal,Auto-Rickshaw,Stormy,Urban Road,3,3,Dusk,32
ACC2353,Jan-21,20:12,Pune Maharashtra,Fatal,Pedestrian,Hazy,Urban Road,6,3,Dark,97
ACC2354,Sep-21,05:17,Coimbatore Tamil Nadu,Minor,Two-Wheeler,Rainy,Urban Road,6,2,Dusk,72
ACC2355,Dec-19,23:12,Mangalore Karnataka,Serious,Bus,Stormy,State Highway,9,0,Dawn,61
ACC2356,Dec-22,08:52,Margao Goa,Minor,Bus,Foggy,Village Road,2,2,Dark,102
ACC2357,Oct-23,15:40,Vijayawada Andhra Pradesh,Fatal,Car,Hazy,Urban Road,10,3,Dusk,42
ACC2358,Jun-22,04:07,Pune Maharashtra,Fatal,Car,Hazy,Urban Road,1,3,Dusk,104
ACC2359,Dec-22,11:08,Jodhpur Rajasthan,Serious,Two-Wheeler,Rainy,Village Road,5,0,Dark,115
ACC2360,Feb-20,17:26,Chandigarh Chandigarh,Minor,Car,Hazy,National Highway,7,0,Daylight,74
ACC2361,Jun-21,18:10,Kochi Kerala,Serious,Auto-Rickshaw,Foggy,Urban Road,0,4,Dusk,68
ACC2362,Feb-20,02:36,Thiruvananthapuram Kerala,Fatal,Two-Wheeler,Hazy,State Highway,4,2,Dawn,117
ACC2363,Nov-23,19:20,Warangal Telangana,Fatal,Cycle,Foggy,Urban Road,0,2,Dark,67
ACC2364,Aug-22,01:55,Bhubaneswar Odisha,Serious,Truck,Foggy,Village Road,4,0,Dusk,51
ACC2365,Dec-20,01:52,Guwahati Assam,Serious,Pedestrian,Clear,State Highway,5,2,Dark,98
ACC2366,Apr-21,11:47,Mokokchung Nagaland,Fatal,Two-Wheeler,Clear,State Highway,3,1,Daylight,30
ACC2367,Mar-23,01:36,Durg Chhattisgarh,Minor,Auto-Rickshaw,Hazy,Village Road,6,1,Dawn,47
ACC2368,Sep-21,11:23,Kozhikode Kerala,Serious,Cycle,Hazy,State Highway,9,3,Dawn,77
ACC2369,Jun-21,21:50,Kanpur Uttar Pradesh,Minor,Cycle,Clear,Village Road,5,4,Dawn,119
ACC2370,Oct-20,00:25,Mysore Karnataka,Fatal,Truck,Hazy,State Highway,9,3,Dark,76
ACC2371,Sep-23,19:51,Karimnagar Telangana,Fatal,Truck,Foggy,National Highway,3,5,Dark,60
ACC2372,Sep-18,19:22,Jalandhar Punjab,Serious,Truck,Hazy,State Highway,0,4,Dark,114
ACC2373,May-21,14:39,Nizamabad Telangana,Serious,Auto-Rickshaw,Stormy,National Highway,1,5,Daylight,82
ACC2374,Feb-19,01:07,Bhagalpur Bihar,Minor,Auto-Rickshaw,Rainy,Village Road,2,3,Dawn,41
ACC2375,Sep-20,07:21,Lucknow Uttar Pradesh,Serious,Pedestrian,Foggy,National Highway,9,4,Daylight,60
ACC2376,Apr-18,15:33,Mapusa Goa,Fatal,Truck,Clear,Village Road,8,2,Daylight,75
ACC2377,Jan-22,14:55,Dimapur Nagaland,Fatal,Two-Wheeler,Clear,Urban Road,7,5,Dawn,118
ACC2378,Dec-22,05:03,Madurai Tamil Nadu,Minor,Car,Stormy,Village Road,6,4,Dark,102
ACC2379,Mar-21,09:51,Gwalior Madhya Pradesh,Serious,Car,Foggy,Village Road,5,0,Dark,92
ACC2380,Jun-21,09:32,Haldwani Uttarakhand,Minor,Two-Wheeler,Foggy,Village Road,1,4,Dawn,72
ACC2381,Feb-18,06:21,Nongstoin Meghalaya,Minor,Cycle,Stormy,National Highway,0,3,Daylight,32
ACC2382,Jul-22,01:47,Bangalore Karnataka,Fatal,Pedestrian,Rainy,National Highway,8,4,Daylight,58
ACC2383,Feb-21,01:39,Jabalpur Madhya Pradesh,Minor,Two-Wheeler,Clear,National Highway,0,2,Dusk,119
ACC2384,Jul-18,19:12,Thrissur Kerala,Fatal,Truck,Clear,National Highway,9,3,Dawn,38
ACC2385,Jul-23,22:21,Gyalshing Sikkim,Fatal,Bus,Hazy,State Highway,6,4,Dark,60
ACC2386,Feb-23,15:29,New Delhi Delhi,Serious,Cycle,Hazy,National Highway,6,1,Dawn,80
ACC2387,Jan-21,09:39,Durgapur West Bengal,Fatal,Auto-Rickshaw,Clear,State Highway,3,5,Daylight,55
ACC2388,Jan-18,00:16,Kochi Kerala,Minor,Car,Stormy,Village Road,7,3,Dark,113
ACC2389,Aug-19,03:52,Roorkee Uttarakhand,Minor,Truck,Hazy,State Highway,6,1,Dawn,107
ACC2390,Nov-18,09:35,Gaya Bihar,Fatal,Auto-Rickshaw,Rainy,Urban Road,7,4,Dark,78
ACC2391,Mar-18,03:22,Chandigarh Chandigarh,Fatal,Car,Rainy,Village Road,4,3,Dark,69
ACC2392,Apr-18,14:10,Imphal Manipur,Minor,Auto-Rickshaw,Stormy,National Highway,8,1,Dark,36
ACC2393,Jul-21,11:07,Gangtok Sikkim,Serious,Truck,Hazy,National Highway,0,0,Dark,119
ACC2394,Nov-23,20:05,Cuttack Odisha,Minor,Pedestrian,Rainy,State Highway,7,0,Daylight,79
ACC2395,Mar-20,23:35,Gyalshing Sikkim,Fatal,Truck,Foggy,State Highway,10,0,Dark,94
ACC2396,Sep-23,03:43,Jodhpur Rajasthan,Fatal,Bus,Foggy,Urban Road,9,3,Daylight,42
ACC2397,Aug-20,16:24,Haldwani Uttarakhand,Minor,Cycle,Hazy,Urban Road,7,2,Daylight,83
ACC2398,Jul-20,13:31,Namchi Sikkim,Serious,Auto-Rickshaw,Clear,Village Road,9,0,Dawn,76
ACC2399,Jan-23,06:45,Faridabad Haryana,Minor,Bus,Foggy,Village Road,10,4,Dawn,55
ACC2400,Dec-20,12:27,Jammu Jammu and Kashmir,Serious,Pedestrian,Hazy,State Highway,7,1,Dawn,106
ACC2401,Jun-18,00:58,Thrissur Kerala,Fatal,Truck,Stormy,Village Road,5,2,Dark,78
ACC2402,Sep-21,19:37,Jamshedpur Jharkhand,Fatal,Cycle,Stormy,Urban Road,1,0,Dark,82
ACC2403,Apr-22,10:58,Mumbai Maharashtra,Fatal,Truck,Clear,State Highway,8,4,Daylight,40
ACC2404,May-19,02:03,Pune Maharashtra,Fatal,Auto-Rickshaw,Foggy,National Highway,10,2,Dawn,65
ACC2405,Oct-20,10:45,Durg Chhattisgarh,Minor,Auto-Rickshaw,Hazy,National Highway,0,1,Dusk,35
ACC2406,Jan-18,18:02,Ahmedabad Gujarat,Fatal,Bus,Rainy,State Highway,4,2,Dusk,33
ACC2407,Aug-20,04:53,Mokokchung Nagaland,Fatal,Auto-Rickshaw,Rainy,State Highway,5,5,Dawn,106
ACC2408,Apr-21,03:23,Rohini Delhi,Fatal,Bus,Foggy,National Highway,9,2,Daylight,75
ACC2409,Mar-21,03:08,Dehradun Uttarakhand,Minor,Car,Clear,Village Road,4,5,Dusk,97
ACC2410,Jun-18,08:30,Puducherry Puducherry,Minor,Pedestrian,Foggy,National Highway,10,2,Dark,49
ACC2411,May-19,08:43,Jammu Jammu and Kashmir,Fatal,Auto-Rickshaw,Foggy,National Highway,3,2,Daylight,51
ACC2412,Nov-19,03:46,Vadodara Gujarat,Minor,Cycle,Clear,Village Road,5,1,Dusk,116
ACC2413,Aug-22,06:21,Pasighat Arunachal Pradesh,Serious,Pedestrian,Foggy,Urban Road,0,0,Dusk,75
ACC2414,May-22,09:52,Dharamshala Himachal Pradesh,Fatal,Car,Rainy,National Highway,0,2,Daylight,92
ACC2415,Jun-22,08:18,Ahmedabad Gujarat,Fatal,Cycle,Hazy,Village Road,1,3,Dusk,102
ACC2416,Dec-21,14:14,Lucknow Uttar Pradesh,Minor,Two-Wheeler,Stormy,National Highway,1,1,Dusk,79
ACC2417,Dec-19,19:40,Vijayawada Andhra Pradesh,Fatal,Truck,Stormy,Urban Road,2,1,Dark,105
ACC2418,Jan-23,23:45,Dibrugarh Assam,Fatal,Cycle,Clear,National Highway,6,1,Dawn,118
ACC2419,Oct-21,11:52,Jammu Jammu and Kashmir,Fatal,Car,Hazy,Urban Road,0,3,Dark,53
ACC2420,Jun-23,08:19,Champhai Mizoram,Minor,Two-Wheeler,Rainy,Urban Road,5,1,Dark,72
ACC2421,Feb-18,15:38,Madurai Tamil Nadu,Serious,Truck,Rainy,State Highway,4,2,Dark,66
ACC2422,Dec-21,21:47,Mumbai Maharashtra,Serious,Two-Wheeler,Rainy,Urban Road,10,1,Dark,100
ACC2423,Feb-19,18:20,Patiala Punjab,Minor,Two-Wheeler,Clear,National Highway,6,0,Dusk,120
ACC2424,May-22,15:52,Durgapur West Bengal,Fatal,Pedestrian,Hazy,State Highway,10,3,Dawn,111
ACC2425,Oct-20,12:43,Varanasi Uttar Pradesh,Minor,Truck,Foggy,State Highway,5,0,Dark,105
ACC2426,Mar-18,19:14,Jabalpur Madhya Pradesh,Serious,Two-Wheeler,Foggy,State Highway,3,3,Daylight,81
ACC2427,Oct-22,05:05,Visakhapatnam Andhra Pradesh,Minor,Auto-Rickshaw,Rainy,National Highway,1,5,Dusk,33
ACC2428,Sep-22,17:58,Bilaspur Chhattisgarh,Minor,Pedestrian,Rainy,Village Road,8,4,Dark,67
ACC2429,Mar-22,11:58,Bokaro Jharkhand,Serious,Cycle,Rainy,National Highway,10,5,Daylight,84
ACC2430,Sep-19,12:57,Gyalshing Sikkim,Fatal,Car,Rainy,National Highway,10,3,Daylight,41
ACC2431,Sep-22,07:53,Amritsar Punjab,Serious,Pedestrian,Rainy,National Highway,1,3,Daylight,37
ACC2432,Feb-20,10:34,Durgapur West Bengal,Fatal,Truck,Rainy,National Highway,5,1,Dawn,108
ACC2433,Jan-20,03:34,Kolkata West Bengal,Serious,Truck,Hazy,Village Road,0,3,Dawn,48
ACC2434,Aug-19,23:56,Dharmanagar Tripura,Minor,Truck,Foggy,National Highway,9,4,Dusk,73
ACC2435,Oct-19,11:48,Karaikal Puducherry,Fatal,Two-Wheeler,Clear,State Highway,10,5,Daylight,60
ACC2436,Nov-19,22:02,Namchi Sikkim,Fatal,Bus,Stormy,Urban Road,3,3,Dusk,96
ACC2437,Jul-18,11:10,Namchi Sikkim,Fatal,Auto-Rickshaw,Foggy,Village Road,4,5,Daylight,86
ACC2438,Jul-23,16:34,Tirupati Andhra Pradesh,Serious,Truck,Hazy,State Highway,10,3,Dark,40
ACC2439,Jul-23,02:05,Nagpur Maharashtra,Minor,Auto-Rickshaw,Rainy,State Highway,3,2,Dark,73
ACC2440,Dec-18,10:38,Visakhapatnam Andhra Pradesh,Minor,Car,Clear,State Highway,2,5,Dark,88
ACC2441,Jun-23,02:16,Shillong Meghalaya,Fatal,Car,Rainy,Urban Road,6,0,Daylight,106
ACC2442,Mar-23,02:41,Mokokchung Nagaland,Fatal,Pedestrian,Foggy,State Highway,5,1,Dark,74
ACC2443,Mar-23,07:38,Shillong Meghalaya,Serious,Pedestrian,Stormy,State Highway,2,5,Dark,83
ACC2444,Aug-20,18:16,Kohima Nagaland,Serious,Bus,Clear,National Highway,8,4,Dawn,54
ACC2445,Jul-23,17:07,Bishnupur Manipur,Fatal,Auto-Rickshaw,Hazy,Village Road,10,0,Dawn,33
ACC2446,Jun-23,04:36,Mysore Karnataka,Fatal,Two-Wheeler,Clear,Urban Road,6,2,Dusk,113
ACC2447,Jan-18,23:43,Vadodara Gujarat,Fatal,Bus,Foggy,National Highway,0,4,Dawn,101
ACC2448,Mar-19,02:41,Vadodara Gujarat,Fatal,Bus,Stormy,Village Road,10,1,Dusk,89
ACC2449,Dec-21,17:54,Itanagar Arunachal Pradesh,Minor,Pedestrian,Hazy,Village Road,10,5,Dark,112
ACC2450,Oct-20,12:34,Kanpur Uttar Pradesh,Fatal,Two-Wheeler,Stormy,Village Road,0,2,Dawn,49
ACC2451,May-23,11:33,Nongstoin Meghalaya,Minor,Two-Wheeler,Rainy,Urban Road,4,5,Dusk,30
ACC2452,Jan-22,17:30,Thoubal Manipur,Serious,Auto-Rickshaw,Stormy,National Highway,9,5,Dark,48
ACC2453,Nov-21,04:53,Tirupati Andhra Pradesh,Fatal,Two-Wheeler,Rainy,Urban Road,1,5,Dawn,33
ACC2454,Mar-22,13:16,Mandi Himachal Pradesh,Fatal,Car,Clear,National Highway,8,5,Dusk,32
ACC2455,Feb-19,01:39,Patiala Punjab,Fatal,Two-Wheeler,Rainy,State Highway,6,4,Dusk,112
ACC2456,Feb-19,21:20,Lucknow Uttar Pradesh,Minor,Pedestrian,Stormy,Village Road,3,4,Dusk,65
ACC2457,Jun-22,01:59,Coimbatore Tamil Nadu,Minor,Two-Wheeler,Stormy,State Highway,10,3,Dawn,49
ACC2458,Jul-23,11:38,Udaipur Rajasthan,Minor,Car,Clear,State Highway,0,4,Dark,32
ACC2459,Oct-23,10:13,Jorhat Assam,Fatal,Cycle,Hazy,State Highway,5,1,Dusk,57
ACC2460,Jan-22,02:08,Bangalore Karnataka,Fatal,Auto-Rickshaw,Stormy,National Highway,10,4,Dawn,47
ACC2461,Nov-19,16:20,Coimbatore Tamil Nadu,Minor,Bus,Foggy,Village Road,9,2,Dawn,94
ACC2462,Sep-23,18:08,Gwalior Madhya Pradesh,Serious,Auto-Rickshaw,Rainy,National Highway,5,0,Dawn,115
ACC2463,Sep-18,02:12,Patiala Punjab,Serious,Two-Wheeler,Rainy,National Highway,0,5,Dark,64
ACC2464,Feb-19,11:49,Lucknow Uttar Pradesh,Minor,Cycle,Hazy,National Highway,9,0,Dusk,105
ACC2465,Aug-22,21:37,Karaikal Puducherry,Serious,Pedestrian,Rainy,Village Road,1,1,Daylight,105
ACC2466,Feb-22,21:55,Jaipur Rajasthan,Fatal,Truck,Hazy,Village Road,4,4,Dusk,39
ACC2467,Apr-22,03:43,Baramulla Jammu and Kashmir,Minor,Two-Wheeler,Hazy,National Highway,0,3,Dark,87
ACC2468,Jul-23,07:25,Udaipur Tripura,Fatal,Pedestrian,Hazy,National Highway,0,1,Daylight,95
ACC2469,Dec-19,16:58,Indore Madhya Pradesh,Fatal,Truck,Hazy,Village Road,4,3,Dusk,41
ACC2470,Oct-20,13:19,Cuttack Odisha,Minor,Bus,Rainy,National Highway,10,4,Dawn,89
ACC2471,May-18,14:18,Jaipur Rajasthan,Minor,Bus,Hazy,National Highway,1,4,Daylight,77
ACC2472,Nov-19,22:06,Vadodara Gujarat,Fatal,Cycle,Clear,Urban Road,7,0,Daylight,85
ACC2473,Jul-19,12:22,Mumbai Maharashtra,Serious,Bus,Hazy,State Highway,10,5,Daylight,111
ACC2474,May-20,07:10,Vadodara Gujarat,Fatal,Bus,Stormy,Urban Road,3,5,Daylight,86
ACC2475,Nov-18,00:39,Gaya Bihar,Serious,Auto-Rickshaw,Clear,Village Road,4,0,Dusk,82
ACC2476,Dec-22,10:59,New Delhi Delhi,Serious,Two-Wheeler,Stormy,State Highway,6,0,Dark,43
ACC2477,Feb-19,11:27,Thoubal Manipur,Fatal,Cycle,Rainy,Village Road,3,0,Daylight,108
ACC2478,Apr-20,06:31,Anantnag Jammu and Kashmir,Fatal,Bus,Rainy,National Highway,2,0,Dusk,70
ACC2479,Nov-19,01:19,Jabalpur Madhya Pradesh,Serious,Cycle,Rainy,Village Road,1,3,Dark,64
ACC2480,Jul-23,17:55,Kolkata West Bengal,Fatal,Cycle,Hazy,Urban Road,2,1,Dusk,86
ACC2481,Jan-22,23:55,Shillong Meghalaya,Fatal,Truck,Stormy,National Highway,10,2,Daylight,57
ACC2482,Mar-19,04:19,Imphal Manipur,Fatal,Cycle,Stormy,Village Road,10,5,Daylight,49
ACC2483,Oct-21,01:28,Itanagar Arunachal Pradesh,Minor,Bus,Hazy,State Highway,5,3,Dusk,78
ACC2484,Mar-23,02:43,Agartala Tripura,Serious,Truck,Stormy,National Highway,6,5,Daylight,71
ACC2485,Oct-23,01:52,Pune Maharashtra,Minor,Two-Wheeler,Hazy,Village Road,5,5,Dark,75
ACC2486,May-21,16:54,Champhai Mizoram,Serious,Auto-Rickshaw,Clear,Village Road,3,4,Daylight,80
ACC2487,Oct-19,11:26,Naharlagun Arunachal Pradesh,Serious,Bus,Hazy,Urban Road,6,1,Dark,65
ACC2488,Mar-19,03:22,Ahmedabad Gujarat,Minor,Two-Wheeler,Stormy,Urban Road,8,2,Dusk,38
ACC2489,Oct-22,04:39,Jorhat Assam,Serious,Cycle,Hazy,Village Road,3,3,Dawn,80
ACC2490,Sep-21,15:01,Imphal Manipur,Minor,Auto-Rickshaw,Foggy,Urban Road,10,2,Daylight,60
ACC2491,Jul-23,07:52,Lunglei Mizoram,Fatal,Auto-Rickshaw,Hazy,Village Road,6,1,Dawn,103
ACC2492,Feb-20,20:27,Namchi Sikkim,Serious,Truck,Foggy,State Highway,7,0,Dawn,54
ACC2493,Sep-19,03:23,Bhagalpur Bihar,Serious,Bus,Foggy,Urban Road,10,1,Dawn,48
ACC2494,Nov-18,21:33,Gyalshing Sikkim,Fatal,Bus,Clear,Village Road,4,0,Dark,93
ACC2495,Mar-23,01:20,Mysore Karnataka,Fatal,Bus,Hazy,National Highway,8,3,Dawn,62
ACC2496,Jan-20,02:56,Gangtok Sikkim,Serious,Pedestrian,Hazy,National Highway,4,4,Dusk,63
ACC2497,Jul-22,09:27,Kozhikode Kerala,Minor,Cycle,Clear,Urban Road,8,1,Dusk,96
ACC2498,Nov-21,21:54,Durgapur West Bengal,Fatal,Truck,Hazy,National Highway,9,1,Dusk,59
ACC2499,Oct-23,01:25,Mokokchung Nagaland,Fatal,Bus,Stormy,Village Road,2,1,Dawn,40
ACC2500,Feb-18,18:23,Durg Chhattisgarh,Serious,Cycle,Stormy,National Highway,8,5,Dusk,30
ACC2501,Sep-23,21:45,Anantnag Jammu and Kashmir,Fatal,Auto-Rickshaw,Foggy,Village Road,8,3,Dawn,51
ACC2502,May-19,22:18,Thiruvananthapuram Kerala,Fatal,Pedestrian,Foggy,National Highway,10,2,Dark,60
ACC2503,Jan-21,07:24,Surat Gujarat,Serious,Auto-Rickshaw,Rainy,State Highway,4,5,Dusk,94
ACC2504,Sep-18,23:14,Mapusa Goa,Fatal,Truck,Stormy,Urban Road,5,4,Daylight,59
ACC2505,Sep-23,17:41,Vadodara Gujarat,Minor,Auto-Rickshaw,Clear,National Highway,7,5,Dusk,99
ACC2506,Sep-22,23:09,Patna Bihar,Fatal,Pedestrian,Hazy,State Highway,10,4,Dark,57
ACC2507,Oct-20,08:45,Nizamabad Telangana,Fatal,Car,Foggy,Urban Road,6,4,Dark,117
ACC2508,Jan-19,08:08,Jodhpur Rajasthan,Minor,Pedestrian,Clear,Urban Road,1,3,Daylight,35
ACC2509,Sep-20,07:42,Cuttack Odisha,Serious,Auto-Rickshaw,Stormy,State Highway,9,2,Daylight,39
ACC2510,Oct-19,19:16,Baramulla Jammu and Kashmir,Minor,Pedestrian,Clear,National Highway,9,5,Dawn,35
ACC2511,Dec-20,01:15,Jodhpur Rajasthan,Minor,Two-Wheeler,Clear,State Highway,2,4,Dusk,74
ACC2512,Jan-19,11:19,Lunglei Mizoram,Minor,Truck,Stormy,Urban Road,6,1,Daylight,99
ACC2513,Feb-22,23:41,Kanpur Uttar Pradesh,Serious,Truck,Foggy,Village Road,3,4,Dawn,35
ACC2514,Sep-20,23:49,Chennai Tamil Nadu,Fatal,Car,Hazy,National Highway,8,1,Daylight,47
ACC2515,Jul-20,16:30,Chennai Tamil Nadu,Fatal,Auto-Rickshaw,Foggy,State Highway,6,1,Dark,119
ACC2516,Feb-21,14:19,Chennai Tamil Nadu,Serious,Bus,Rainy,State Highway,9,2,Daylight,106
ACC2517,Jul-20,16:20,Gyalshing Sikkim,Serious,Pedestrian,Stormy,National Highway,7,5,Daylight,111
ACC2518,Aug-22,11:06,Siliguri West Bengal,Serious,Auto-Rickshaw,Rainy,Urban Road,7,2,Daylight,80
ACC2519,Nov-20,18:31,Lucknow Uttar Pradesh,Minor,Auto-Rickshaw,Rainy,State Highway,1,0,Daylight,77
ACC2520,Nov-21,21:38,Gangtok Sikkim,Minor,Auto-Rickshaw,Clear,National Highway,7,3,Dark,50
ACC2521,Apr-23,13:02,Siliguri West Bengal,Serious,Bus,Rainy,Village Road,10,3,Dusk,79
ACC2522,Oct-23,13:25,Dimapur Nagaland,Fatal,Auto-Rickshaw,Stormy,Urban Road,9,5,Dark,106
ACC2523,Dec-18,06:06,Faridabad Haryana,Fatal,Two-Wheeler,Stormy,Village Road,1,4,Daylight,80
ACC2524,Mar-20,23:11,Ranchi Jharkhand,Serious,Auto-Rickshaw,Hazy,State Highway,10,3,Dawn,48
ACC2525,Jan-23,06:01,Muzaffarpur Bihar,Minor,Bus,Rainy,Village Road,6,3,Dusk,107
ACC2526,Sep-21,03:21,Karimnagar Telangana,Serious,Cycle,Rainy,Urban Road,0,2,Dawn,49
ACC2527,Jan-20,22:38,Dharmanagar Tripura,Minor,Car,Stormy,Village Road,5,2,Dawn,114
ACC2528,Jun-20,03:47,Kohima Nagaland,Minor,Truck,Stormy,Urban Road,7,3,Dawn,37
ACC2529,Apr-21,05:52,Vijayawada Andhra Pradesh,Fatal,Two-Wheeler,Clear,State Highway,4,0,Dawn,60
ACC2530,Aug-23,02:37,Chennai Tamil Nadu,Fatal,Car,Foggy,Urban Road,9,0,Dawn,64
ACC2531,Jan-21,06:46,Puducherry Puducherry,Serious,Auto-Rickshaw,Clear,State Highway,10,3,Dawn,60
ACC2532,Feb-19,03:02,Vadodara Gujarat,Serious,Auto-Rickshaw,Hazy,National Highway,0,0,Dusk,40
ACC2533,Jul-18,04:02,Bangalore Karnataka,Fatal,Pedestrian,Clear,Urban Road,4,0,Dusk,83
ACC2534,Jun-18,03:10,Puducherry Puducherry,Fatal,Auto-Rickshaw,Foggy,Urban Road,5,0,Daylight,75
ACC2535,Aug-23,21:22,Patiala Punjab,Serious,Truck,Stormy,State Highway,9,2,Daylight,106
ACC2536,Nov-22,12:52,Udaipur Rajasthan,Fatal,Car,Hazy,Urban Road,10,0,Dusk,34
ACC2537,Jun-21,05:00,Visakhapatnam Andhra Pradesh,Fatal,Auto-Rickshaw,Stormy,Urban Road,6,2,Dusk,56
ACC2538,Sep-20,18:34,Bhilai Chhattisgarh,Fatal,Cycle,Rainy,State Highway,1,3,Daylight,94
ACC2539,Mar-22,19:43,Nagpur Maharashtra,Serious,Cycle,Foggy,State Highway,5,5,Daylight,49
ACC2540,Jun-20,04:56,Dehradun Uttarakhand,Serious,Car,Stormy,Village Road,3,4,Daylight,49
ACC2541,Dec-19,09:14,Pune Maharashtra,Minor,Auto-Rickshaw,Clear,National Highway,2,2,Dark,87
ACC2542,Jan-20,18:33,Silchar Assam,Serious,Cycle,Stormy,State Highway,5,1,Dark,106
ACC2543,Apr-18,01:05,Mysore Karnataka,Serious,Pedestrian,Stormy,National Highway,2,3,Dusk,83
ACC2544,Apr-22,23:30,Mapusa Goa,Fatal,Bus,Foggy,Village Road,8,0,Dusk,56
ACC2545,Nov-20,13:23,Pune Maharashtra,Serious,Two-Wheeler,Foggy,Urban Road,6,3,Dawn,80
ACC2546,Sep-22,06:01,Guwahati Assam,Serious,Cycle,Stormy,State Highway,4,1,Dark,102
ACC2547,Sep-22,21:24,Panipat Haryana,Fatal,Car,Clear,Village Road,0,3,Dusk,79
ACC2548,Mar-18,08:34,Aizawl Mizoram,Fatal,Truck,Rainy,Urban Road,10,2,Dark,119
ACC2549,Jul-22,14:16,Gwalior Madhya Pradesh,Serious,Bus,Clear,Village Road,9,1,Dawn,77
ACC2550,Dec-21,23:26,Panaji Goa,Minor,Auto-Rickshaw,Rainy,Village Road,4,4,Daylight,120
ACC2551,Feb-22,04:43,Durgapur West Bengal,Serious,Pedestrian,Hazy,Village Road,2,4,Dark,57
ACC2552,Dec-22,16:11,Haldwani Uttarakhand,Minor,Truck,Stormy,Urban Road,3,4,Dusk,67
ACC2553,Jun-21,00:34,Jalandhar Punjab,Serious,Cycle,Foggy,Urban Road,5,4,Daylight,116
ACC2554,Mar-18,02:51,Gyalshing Sikkim,Serious,Auto-Rickshaw,Foggy,State Highway,0,5,Dawn,100
ACC2555,Nov-23,21:48,Bhopal Madhya Pradesh,Minor,Pedestrian,Clear,Urban Road,6,3,Daylight,82
ACC2556,Sep-19,17:16,Faridabad Haryana,Minor,Pedestrian,Stormy,Village Road,3,5,Dusk,53
ACC2557,Mar-23,07:22,Durgapur West Bengal,Fatal,Truck,Stormy,State Highway,10,4,Dark,115
ACC2558,Apr-21,01:16,New Delhi Delhi,Fatal,Two-Wheeler,Clear,National Highway,7,4,Dawn,119
ACC2559,Nov-19,02:55,Shimla Himachal Pradesh,Serious,Pedestrian,Stormy,National Highway,10,1,Dusk,100
ACC2560,Jan-21,09:06,Lunglei Mizoram,Minor,Auto-Rickshaw,Foggy,Village Road,1,1,Daylight,87
ACC2561,Sep-18,04:00,Haridwar Uttarakhand,Minor,Pedestrian,Foggy,State Highway,10,3,Dawn,70
ACC2562,Jul-18,15:56,Haridwar Uttarakhand,Serious,Two-Wheeler,Stormy,National Highway,5,5,Daylight,45
ACC2563,Aug-18,12:17,Puri Odisha,Fatal,Bus,Clear,Village Road,2,3,Daylight,107
ACC2564,Sep-22,04:24,Jalandhar Punjab,Fatal,Truck,Stormy,Village Road,8,1,Dusk,105
ACC2565,Dec-23,20:25,Coimbatore Tamil Nadu,Serious,Car,Rainy,Village Road,3,0,Dawn,82
ACC2566,Aug-19,15:47,Imphal Manipur,Serious,Car,Clear,Urban Road,6,3,Dusk,57
ACC2567,Feb-23,16:12,Tirupati Andhra Pradesh,Serious,Two-Wheeler,Foggy,Village Road,6,4,Dusk,39
ACC2568,Feb-19,10:26,Thoubal Manipur,Fatal,Auto-Rickshaw,Rainy,Village Road,4,0,Dark,37
ACC2569,Mar-18,11:58,Panaji Goa,Minor,Bus,Clear,National Highway,7,0,Dark,63
ACC2570,Aug-21,09:33,Karimnagar Telangana,Fatal,Pedestrian,Hazy,State Highway,10,3,Dusk,84
ACC2571,Jun-22,19:22,Chennai Tamil Nadu,Serious,Pedestrian,Foggy,State Highway,2,0,Daylight,119
ACC2572,Feb-19,19:59,Ambala Haryana,Serious,Bus,Hazy,National Highway,1,2,Dark,96
ACC2573,Mar-21,02:11,Surat Gujarat,Minor,Auto-Rickshaw,Clear,Urban Road,8,0,Dark,99
ACC2574,Jul-21,02:53,Raipur Chhattisgarh,Minor,Auto-Rickshaw,Clear,Urban Road,2,5,Dawn,108
ACC2575,Apr-18,06:02,Dwarka Delhi,Serious,Cycle,Stormy,Village Road,3,0,Daylight,61
ACC2576,Mar-23,15:21,Puducherry Puducherry,Serious,Truck,Clear,Urban Road,5,1,Daylight,54
ACC2577,Oct-22,15:25,Dehradun Uttarakhand,Minor,Car,Stormy,Urban Road,5,0,Dusk,70
ACC2578,Jun-21,08:07,Dibrugarh Assam,Minor,Two-Wheeler,Stormy,National Highway,4,3,Dusk,87
ACC2579,Dec-22,01:48,Mokokchung Nagaland,Minor,Truck,Foggy,Village Road,10,3,Dawn,58
ACC2580,Feb-20,21:06,Gyalshing Sikkim,Minor,Car,Rainy,Village Road,5,4,Dark,70
ACC2581,Sep-19,17:14,Dwarka Delhi,Minor,Truck,Foggy,Urban Road,7,5,Dusk,50
ACC2582,Dec-20,08:21,Dibrugarh Assam,Fatal,Pedestrian,Hazy,National Highway,8,1,Dusk,51
ACC2583,Jan-18,04:07,Surat Gujarat,Minor,Car,Hazy,State Highway,2,3,Dark,40
ACC2584,Aug-19,01:10,Dimapur Nagaland,Serious,Auto-Rickshaw,Foggy,National Highway,9,2,Dusk,32
ACC2585,Jan-21,00:32,Mapusa Goa,Minor,Auto-Rickshaw,Foggy,State Highway,4,1,Daylight,107
ACC2586,Dec-19,23:13,Siliguri West Bengal,Minor,Two-Wheeler,Stormy,Village Road,5,2,Dawn,33
ACC2587,Oct-22,03:13,Mangalore Karnataka,Fatal,Cycle,Stormy,National Highway,0,1,Dusk,58
ACC2588,Mar-23,08:19,Chandigarh Chandigarh,Serious,Auto-Rickshaw,Hazy,National Highway,6,0,Dusk,56
ACC2589,Nov-18,04:55,Aizawl Mizoram,Minor,Truck,Stormy,Urban Road,8,3,Daylight,116
ACC2590,Aug-20,23:43,Gangtok Sikkim,Fatal,Pedestrian,Stormy,Village Road,0,4,Dark,64
ACC2591,Jul-18,23:44,Bhopal Madhya Pradesh,Minor,Pedestrian,Rainy,State Highway,1,1,Dark,51
ACC2592,Mar-20,02:36,Mangalore Karnataka,Fatal,Truck,Rainy,Village Road,6,4,Daylight,48
ACC2593,Jul-19,11:14,Jaipur Rajasthan,Fatal,Car,Stormy,National Highway,5,1,Dark,71
ACC2594,Dec-22,11:09,Karaikal Puducherry,Serious,Pedestrian,Hazy,National Highway,10,2,Dawn,43
ACC2595,Apr-18,23:33,Varanasi Uttar Pradesh,Fatal,Pedestrian,Rainy,National Highway,9,2,Dark,79
ACC2596,Jul-22,22:20,Gyalshing Sikkim,Fatal,Bus,Hazy,State Highway,6,0,Dawn,37
ACC2597,Nov-22,00:51,Jodhpur Rajasthan,Serious,Pedestrian,Clear,Village Road,1,2,Dusk,115
ACC2598,Dec-23,15:23,Bangalore Karnataka,Minor,Pedestrian,Foggy,Urban Road,2,1,Daylight,69
ACC2599,Jan-23,12:26,Thiruvananthapuram Kerala,Minor,Auto-Rickshaw,Foggy,Urban Road,2,1,Dusk,104
ACC2600,Feb-19,08:08,Dehradun Uttarakhand,Fatal,Auto-Rickshaw,Rainy,National Highway,7,1,Daylight,104
ACC2601,Dec-20,21:46,Jaipur Rajasthan,Serious,Truck,Foggy,Village Road,2,0,Dusk,33
ACC2602,Nov-22,19:57,Ahmedabad Gujarat,Serious,Two-Wheeler,Hazy,State Highway,7,3,Dusk,107
ACC2603,Apr-21,02:34,Anantnag Jammu and Kashmir,Minor,Pedestrian,Hazy,State Highway,6,2,Dawn,88
ACC2604,Oct-19,06:29,Jammu Jammu and Kashmir,Minor,Pedestrian,Hazy,Village Road,9,3,Dusk,65
ACC2605,Apr-18,01:25,Shimla Himachal Pradesh,Minor,Car,Rainy,National Highway,6,2,Dusk,30
ACC2606,Jun-18,20:28,Agartala Tripura,Minor,Car,Stormy,Village Road,3,5,Dawn,105
ACC2607,Apr-21,04:55,Jammu Jammu and Kashmir,Fatal,Two-Wheeler,Clear,Urban Road,5,0,Daylight,85
ACC2608,Feb-23,15:38,Vasco da Gama Goa,Serious,Pedestrian,Clear,Urban Road,5,4,Dark,59
ACC2609,May-20,07:02,Karimnagar Telangana,Serious,Bus,Hazy,State Highway,0,5,Dusk,50
ACC2610,Dec-21,03:09,Shillong Meghalaya,Minor,Cycle,Clear,National Highway,8,5,Dusk,65
ACC2611,Dec-23,20:27,Jalandhar Punjab,Fatal,Pedestrian,Rainy,Village Road,4,5,Dawn,54
ACC2612,Mar-18,13:34,Bhopal Madhya Pradesh,Serious,Two-Wheeler,Stormy,Village Road,9,1,Dusk,111
ACC2613,Jul-23,21:52,Bhilai Chhattisgarh,Fatal,Auto-Rickshaw,Hazy,Village Road,2,0,Dusk,118
ACC2614,Apr-19,05:24,Ranchi Jharkhand,Minor,Cycle,Rainy,Urban Road,10,1,Dawn,38
ACC2615,Apr-22,10:06,Madurai Tamil Nadu,Serious,Truck,Rainy,Urban Road,6,5,Dawn,39
ACC2616,Oct-20,06:29,Jamshedpur Jharkhand,Serious,Truck,Stormy,Village Road,10,0,Dusk,35
ACC2617,Apr-22,12:28,Gyalshing Sikkim,Minor,Car,Rainy,Village Road,7,0,Dusk,54
ACC2618,Apr-23,02:07,Dehradun Uttarakhand,Fatal,Pedestrian,Clear,State Highway,7,3,Dusk,44
ACC2619,Oct-20,22:40,Margao Goa,Fatal,Truck,Stormy,Urban Road,6,5,Dawn,110
ACC2620,May-22,19:28,Mandi Himachal Pradesh,Fatal,Pedestrian,Stormy,National Highway,5,2,Daylight,65
ACC2621,Feb-20,19:57,Mangalore Karnataka,Serious,Truck,Stormy,Village Road,4,4,Dusk,95
ACC2622,Apr-20,12:36,Champhai Mizoram,Serious,Car,Stormy,State Highway,5,0,Daylight,86
ACC2623,Oct-21,18:47,Anantnag Jammu and Kashmir,Serious,Truck,Stormy,State Highway,0,5,Dusk,82
ACC2624,Feb-22,12:06,Pune Maharashtra,Serious,Two-Wheeler,Clear,Urban Road,6,4,Dawn,71
ACC2625,Feb-22,21:48,Patna Bihar,Fatal,Two-Wheeler,Foggy,National Highway,7,2,Dawn,48
ACC2626,Dec-19,10:34,Bokaro Jharkhand,Minor,Truck,Hazy,Urban Road,3,1,Dark,42
ACC2627,Jun-21,15:12,Kolkata West Bengal,Serious,Bus,Rainy,Urban Road,3,1,Dusk,102
ACC2628,Feb-22,19:10,New Delhi Delhi,Minor,Bus,Clear,National Highway,2,1,Dusk,73
ACC2629,Nov-21,17:19,Lucknow Uttar Pradesh,Minor,Bus,Clear,National Highway,4,4,Dusk,98
ACC2630,Mar-19,19:05,Margao Goa,Serious,Bus,Stormy,Urban Road,5,2,Daylight,76
ACC2631,Jun-21,15:15,Tirupati Andhra Pradesh,Serious,Cycle,Clear,National Highway,2,0,Dark,83
ACC2632,Oct-18,19:28,Agartala Tripura,Minor,Two-Wheeler,Rainy,National Highway,1,5,Dawn,76
ACC2633,Jul-23,01:18,Solan Himachal Pradesh,Minor,Cycle,Rainy,Urban Road,2,0,Daylight,103
ACC2634,Apr-22,08:08,Roorkee Uttarakhand,Fatal,Cycle,Clear,Village Road,4,2,Daylight,87
ACC2635,Nov-20,07:11,Mokokchung Nagaland,Minor,Truck,Rainy,State Highway,5,1,Dark,36
ACC2636,Oct-23,01:34,Jowai Meghalaya,Serious,Bus,Rainy,National Highway,4,3,Daylight,47
ACC2637,Feb-21,20:05,Cuttack Odisha,Minor,Truck,Stormy,Village Road,5,4,Dark,113
ACC2638,Mar-22,20:28,Mokokchung Nagaland,Minor,Two-Wheeler,Foggy,National Highway,0,0,Daylight,64
ACC2639,Sep-20,10:57,Chandigarh Chandigarh,Fatal,Pedestrian,Foggy,Village Road,3,3,Dark,113
ACC2640,Jan-18,19:34,Mysore Karnataka,Serious,Two-Wheeler,Rainy,State Highway,0,2,Daylight,37
ACC2641,Feb-19,08:12,Lunglei Mizoram,Fatal,Car,Hazy,State Highway,3,1,Dusk,80
ACC2642,Jun-18,06:56,Faridabad Haryana,Serious,Pedestrian,Rainy,State Highway,8,5,Dawn,30
ACC2643,Aug-23,23:54,Jammu Jammu and Kashmir,Fatal,Cycle,Foggy,State Highway,10,1,Daylight,94
ACC2644,Jul-22,09:37,Mumbai Maharashtra,Serious,Car,Foggy,Village Road,10,3,Dark,101
ACC2645,Sep-18,23:21,Thrissur Kerala,Minor,Truck,Stormy,National Highway,2,4,Dusk,71
ACC2646,Nov-19,21:54,Agartala Tripura,Minor,Bus,Stormy,State Highway,0,1,Dark,92
ACC2647,Dec-20,03:43,Thiruvananthapuram Kerala,Minor,Bus,Clear,Urban Road,1,2,Dusk,97
ACC2648,Jul-19,22:25,Shimla Himachal Pradesh,Serious,Pedestrian,Foggy,Urban Road,2,5,Dusk,48
ACC2649,Oct-19,00:47,Chandigarh Chandigarh,Fatal,Auto-Rickshaw,Stormy,State Highway,5,2,Dark,112
ACC2650,Jul-23,13:26,Amritsar Punjab,Fatal,Truck,Clear,National Highway,10,0,Dusk,34
ACC2651,May-22,23:01,Bokaro Jharkhand,Fatal,Two-Wheeler,Hazy,National Highway,5,0,Dark,90
ACC2652,May-18,19:02,Puducherry Puducherry,Fatal,Car,Clear,National Highway,8,3,Dusk,115
ACC2653,Mar-23,16:38,Karimnagar Telangana,Fatal,Bus,Stormy,National Highway,5,4,Dusk,101
ACC2654,May-18,10:14,Thoubal Manipur,Serious,Truck,Foggy,State Highway,2,2,Daylight,85
ACC2655,Sep-19,19:35,Lunglei Mizoram,Fatal,Pedestrian,Foggy,Urban Road,8,2,Dusk,49
ACC2656,Sep-19,06:20,Lunglei Mizoram,Fatal,Two-Wheeler,Rainy,Urban Road,3,3,Dawn,94
ACC2657,Sep-19,05:24,Haridwar Uttarakhand,Minor,Pedestrian,Clear,Village Road,7,3,Dawn,48
ACC2658,May-20,18:02,Tirupati Andhra Pradesh,Serious,Truck,Hazy,Urban Road,7,1,Dark,111
ACC2659,Oct-23,07:31,Lucknow Uttar Pradesh,Fatal,Pedestrian,Clear,Village Road,10,4,Dusk,113
ACC2660,Jul-18,02:51,Chandigarh Chandigarh,Fatal,Auto-Rickshaw,Foggy,Urban Road,5,4,Daylight,93
ACC2661,Aug-19,18:24,Anantnag Jammu and Kashmir,Fatal,Two-Wheeler,Stormy,Village Road,6,5,Dawn,78
ACC2662,Feb-18,10:59,Vadodara Gujarat,Serious,Two-Wheeler,Clear,State Highway,5,1,Daylight,87
ACC2663,Aug-18,18:00,Karimnagar Telangana,Serious,Auto-Rickshaw,Foggy,Urban Road,7,0,Daylight,70
ACC2664,Sep-23,12:09,Karaikal Puducherry,Fatal,Truck,Clear,Village Road,9,3,Dawn,90
ACC2665,Nov-23,03:29,Guwahati Assam,Serious,Bus,Clear,National Highway,5,1,Dark,111
ACC2666,Dec-23,10:25,Karimnagar Telangana,Serious,Auto-Rickshaw,Clear,Village Road,7,3,Dark,58
ACC2667,Sep-19,18:52,Solan Himachal Pradesh,Minor,Pedestrian,Rainy,Urban Road,1,3,Daylight,109
ACC2668,Jan-23,17:11,Madurai Tamil Nadu,Minor,Bus,Stormy,Village Road,9,4,Daylight,70
ACC2669,Jul-20,23:29,Gangtok Sikkim,Serious,Truck,Stormy,Village Road,7,0,Dusk,111
ACC2670,Jun-21,23:27,Anantnag Jammu and Kashmir,Serious,Pedestrian,Hazy,State Highway,0,5,Dawn,89
ACC2671,Nov-21,12:14,Jorhat Assam,Serious,Car,Stormy,Village Road,4,2,Dark,61
ACC2672,Sep-22,20:23,Lucknow Uttar Pradesh,Minor,Two-Wheeler,Rainy,State Highway,8,3,Dawn,114
ACC2673,Jul-22,08:10,Margao Goa,Minor,Car,Stormy,Urban Road,7,1,Daylight,42
ACC2674,Sep-18,20:47,Udaipur Rajasthan,Minor,Auto-Rickshaw,Stormy,State Highway,10,4,Dawn,43
ACC2675,Sep-21,21:12,Kozhikode Kerala,Fatal,Pedestrian,Clear,Urban Road,1,3,Dusk,107
ACC2676,Dec-22,10:48,Bilaspur Chhattisgarh,Fatal,Truck,Foggy,Village Road,0,5,Dusk,66
ACC2677,Oct-23,14:09,Naharlagun Arunachal Pradesh,Fatal,Truck,Hazy,State Highway,2,1,Dark,69
ACC2678,Mar-22,10:47,Imphal Manipur,Serious,Car,Stormy,State Highway,5,4,Dawn,46
ACC2679,Jul-21,00:49,Puri Odisha,Fatal,Bus,Hazy,Urban Road,2,0,Dark,104
ACC2680,Nov-18,18:21,Kanpur Uttar Pradesh,Serious,Two-Wheeler,Foggy,Village Road,9,2,Dawn,107
ACC2681,Apr-20,00:32,Lunglei Mizoram,Serious,Auto-Rickshaw,Hazy,State Highway,2,5,Daylight,109
ACC2682,Nov-23,05:04,Gurugram Haryana,Minor,Auto-Rickshaw,Foggy,State Highway,9,0,Dawn,48
ACC2683,Feb-23,12:16,Dharamshala Himachal Pradesh,Minor,Car,Hazy,State Highway,5,0,Daylight,68
ACC2684,Nov-22,12:15,Haldwani Uttarakhand,Fatal,Bus,Clear,Urban Road,7,0,Dark,87
ACC2685,Oct-18,03:40,Vijayawada Andhra Pradesh,Serious,Bus,Rainy,Village Road,6,3,Dusk,117
ACC2686,May-22,13:58,Coimbatore Tamil Nadu,Fatal,Car,Clear,State Highway,8,4,Dark,109
ACC2687,Jul-22,07:03,Vasco da Gama Goa,Minor,Truck,Stormy,National Highway,9,3,Dusk,59
ACC2688,Apr-20,03:42,Naharlagun Arunachal Pradesh,Serious,Truck,Rainy,National Highway,8,2,Daylight,90
ACC2689,Jun-19,21:59,Jaipur Rajasthan,Fatal,Two-Wheeler,Rainy,Village Road,9,0,Dawn,70
ACC2690,Feb-19,07:57,Jorhat Assam,Fatal,Bus,Stormy,State Highway,9,3,Dusk,120
ACC2691,Dec-23,15:59,Mysore Karnataka,Fatal,Bus,Foggy,Village Road,7,5,Dawn,59
ACC2692,Jun-19,12:09,Pune Maharashtra,Minor,Pedestrian,Foggy,Village Road,8,1,Dawn,63
ACC2693,Jan-23,19:01,Bhagalpur Bihar,Minor,Car,Hazy,National Highway,7,2,Dark,34
ACC2694,Jun-20,14:31,Jaipur Rajasthan,Minor,Auto-Rickshaw,Foggy,Urban Road,4,0,Daylight,119
ACC2695,Jul-19,07:46,Surat Gujarat,Fatal,Auto-Rickshaw,Clear,State Highway,8,1,Dusk,104
ACC2696,Feb-20,09:05,Pasighat Arunachal Pradesh,Minor,Cycle,Foggy,Urban Road,0,5,Dusk,46
ACC2697,Dec-20,15:42,Bhopal Madhya Pradesh,Minor,Pedestrian,Clear,State Highway,9,1,Dawn,38
ACC2698,Jan-20,21:09,Jammu Jammu and Kashmir,Minor,Truck,Stormy,Village Road,10,2,Dawn,90
ACC2699,Jan-20,04:30,Surat Gujarat,Minor,Two-Wheeler,Clear,National Highway,9,5,Daylight,62
ACC2700,Nov-20,23:41,Kohima Nagaland,Serious,Cycle,Clear,Urban Road,1,5,Daylight,100
ACC2701,Mar-20,20:41,Dimapur Nagaland,Fatal,Car,Clear,Urban Road,5,1,Dawn,117
ACC2702,Aug-19,04:54,Baramulla Jammu and Kashmir,Serious,Auto-Rickshaw,Stormy,Urban Road,8,0,Dark,112
ACC2703,Sep-20,17:51,Gwalior Madhya Pradesh,Serious,Truck,Hazy,National Highway,10,5,Dawn,72
ACC2704,Mar-19,09:47,Nizamabad Telangana,Serious,Auto-Rickshaw,Hazy,State Highway,4,3,Dawn,110
ACC2705,Mar-18,22:38,Udaipur Tripura,Serious,Pedestrian,Rainy,State Highway,10,3,Dark,96
ACC2706,Dec-21,03:12,Jorhat Assam,Serious,Two-Wheeler,Foggy,National Highway,9,5,Dawn,109
ACC2707,Jun-22,06:32,Ambala Haryana,Serious,Car,Foggy,Urban Road,3,3,Dusk,77
ACC2708,Aug-23,06:41,Jammu Jammu and Kashmir,Serious,Two-Wheeler,Hazy,Village Road,5,3,Dawn,64
ACC2709,Jun-21,08:28,Mokokchung Nagaland,Serious,Truck,Hazy,Village Road,5,2,Dusk,106
ACC2710,Nov-18,01:42,Chennai Tamil Nadu,Fatal,Truck,Foggy,State Highway,1,5,Dark,50
ACC2711,Aug-22,14:37,Vasco da Gama Goa,Serious,Truck,Rainy,Village Road,1,5,Dark,55
ACC2712,Aug-20,10:52,Champhai Mizoram,Serious,Auto-Rickshaw,Hazy,National Highway,10,2,Daylight,30
ACC2713,Jul-19,06:31,Shillong Meghalaya,Serious,Bus,Foggy,State Highway,2,3,Dusk,101
ACC2714,Dec-19,06:32,Jabalpur Madhya Pradesh,Minor,Bus,Clear,National Highway,1,2,Dawn,43
ACC2715,Sep-21,05:43,Kochi Kerala,Serious,Truck,Foggy,Urban Road,4,3,Dawn,34
ACC2716,Aug-19,05:51,Jaipur Rajasthan,Fatal,Auto-Rickshaw,Hazy,Village Road,4,0,Daylight,53
ACC2717,Nov-19,20:50,Udaipur Tripura,Minor,Two-Wheeler,Rainy,National Highway,9,3,Dusk,69
ACC2718,Jul-23,15:43,Dwarka Delhi,Fatal,Two-Wheeler,Clear,State Highway,3,1,Dark,105
ACC2719,Jan-21,15:03,Indore Madhya Pradesh,Minor,Bus,Stormy,State Highway,2,3,Dusk,98
ACC2720,Nov-19,04:19,Korba Chhattisgarh,Minor,Bus,Stormy,National Highway,8,2,Dusk,64
ACC2721,Aug-20,01:17,New Delhi Delhi,Fatal,Car,Stormy,National Highway,9,2,Dark,116
ACC2722,Oct-22,03:11,Tura Meghalaya,Minor,Pedestrian,Hazy,State Highway,3,0,Dawn,77
ACC2723,Oct-20,23:27,Bishnupur Manipur,Minor,Pedestrian,Stormy,Urban Road,7,0,Dawn,45
ACC2724,Jan-19,11:44,Thoubal Manipur,Serious,Auto-Rickshaw,Foggy,State Highway,2,5,Dawn,72
ACC2725,Sep-21,23:04,Chandigarh Chandigarh,Minor,Two-Wheeler,Hazy,National Highway,6,5,Dusk,30
ACC2726,Dec-19,09:54,Dibrugarh Assam,Serious,Bus,Clear,State Highway,6,0,Dark,75
ACC2727,Feb-20,17:38,Kolkata West Bengal,Minor,Pedestrian,Stormy,Village Road,0,2,Daylight,111
ACC2728,Jul-21,06:06,Lunglei Mizoram,Serious,Pedestrian,Foggy,Urban Road,1,2,Dusk,103
ACC2729,Dec-19,07:43,Kohima Nagaland,Minor,Car,Stormy,State Highway,7,1,Dark,100
ACC2730,May-20,02:00,Bhagalpur Bihar,Serious,Car,Foggy,Village Road,8,4,Daylight,36
ACC2731,Aug-23,01:47,Champhai Mizoram,Minor,Two-Wheeler,Clear,Village Road,2,3,Dark,44
ACC2732,Apr-22,19:34,Jaipur Rajasthan,Minor,Truck,Clear,State Highway,6,5,Dark,42
ACC2733,Sep-20,04:59,Jabalpur Madhya Pradesh,Fatal,Cycle,Clear,Urban Road,9,5,Dawn,54
ACC2734,Nov-21,03:04,Kolkata West Bengal,Minor,Two-Wheeler,Stormy,National Highway,3,5,Dawn,103
ACC2735,Dec-19,12:53,Jamshedpur Jharkhand,Serious,Pedestrian,Clear,State Highway,0,3,Daylight,92
ACC2736,Mar-23,11:58,Dharamshala Himachal Pradesh,Fatal,Car,Hazy,State Highway,3,1,Dark,41
ACC2737,Jul-23,22:15,Mandi Himachal Pradesh,Minor,Two-Wheeler,Rainy,Village Road,1,5,Daylight,62
ACC2738,May-21,18:36,Raipur Chhattisgarh,Minor,Truck,Foggy,Urban Road,4,3,Dawn,32
ACC2739,May-19,01:23,Jowai Meghalaya,Minor,Bus,Foggy,Village Road,2,1,Dusk,36
ACC2740,Nov-23,04:51,Mokokchung Nagaland,Serious,Bus,Hazy,Village Road,2,5,Dawn,113
ACC2741,Jul-20,11:42,Agartala Tripura,Serious,Cycle,Hazy,Village Road,6,4,Dawn,77
ACC2742,Dec-20,06:44,Jamshedpur Jharkhand,Minor,Truck,Hazy,National Highway,3,0,Dark,100
ACC2743,Mar-22,08:03,Bokaro Jharkhand,Minor,Truck,Clear,State Highway,9,2,Daylight,89
ACC2744,Mar-21,02:12,Bangalore Karnataka,Serious,Two-Wheeler,Hazy,Village Road,9,2,Dusk,99
ACC2745,Apr-21,14:44,Panaji Goa,Fatal,Car,Stormy,Village Road,4,0,Dark,35
ACC2746,Jan-22,22:11,Jabalpur Madhya Pradesh,Minor,Bus,Foggy,Urban Road,5,5,Dark,65
ACC2747,Mar-18,13:26,Pune Maharashtra,Serious,Two-Wheeler,Rainy,Urban Road,0,4,Dark,87
ACC2748,Aug-22,14:36,Puducherry Puducherry,Minor,Auto-Rickshaw,Stormy,Village Road,8,5,Dark,82
ACC2749,Mar-20,06:11,Jalandhar Punjab,Minor,Auto-Rickshaw,Rainy,National Highway,0,5,Dawn,40
ACC2750,Jan-22,11:22,Vadodara Gujarat,Serious,Auto-Rickshaw,Hazy,Village Road,7,2,Dusk,54
ACC2751,Dec-20,14:51,Kozhikode Kerala,Fatal,Bus,Clear,Village Road,1,5,Dark,104
ACC2752,Mar-18,05:27,Chandigarh Chandigarh,Fatal,Bus,Stormy,Urban Road,10,1,Dawn,31
ACC2753,Aug-19,22:24,Thoubal Manipur,Fatal,Auto-Rickshaw,Stormy,National Highway,6,5,Dusk,50
ACC2754,Oct-22,22:34,Mysore Karnataka,Fatal,Cycle,Clear,Urban Road,0,1,Dawn,119
ACC2755,Apr-21,22:10,Jodhpur Rajasthan,Fatal,Bus,Rainy,National Highway,9,4,Daylight,69
ACC2756,Mar-22,03:40,Cuttack Odisha,Fatal,Auto-Rickshaw,Hazy,State Highway,4,3,Dark,119
ACC2757,Jun-18,16:15,Gwalior Madhya Pradesh,Serious,Bus,Rainy,Urban Road,10,4,Dark,95
ACC2758,Apr-20,16:03,Baramulla Jammu and Kashmir,Fatal,Cycle,Hazy,National Highway,7,0,Dawn,74
ACC2759,Oct-23,07:37,Kohima Nagaland,Fatal,Bus,Foggy,State Highway,9,1,Dark,63
ACC2760,Mar-20,08:01,Pune Maharashtra,Serious,Truck,Hazy,Village Road,6,3,Dark,44
ACC2761,Feb-23,20:29,Dhanbad Jharkhand,Minor,Car,Hazy,National Highway,8,4,Dawn,84
ACC2762,Oct-22,17:23,Chandigarh Chandigarh,Minor,Auto-Rickshaw,Clear,Village Road,5,4,Dawn,43
ACC2763,Mar-23,03:06,Imphal Manipur,Minor,Auto-Rickshaw,Stormy,Urban Road,1,0,Daylight,66
ACC2764,Jul-18,20:56,Faridabad Haryana,Minor,Pedestrian,Foggy,Urban Road,9,5,Daylight,75
ACC2765,Sep-22,04:36,Jamshedpur Jharkhand,Serious,Auto-Rickshaw,Hazy,National Highway,2,2,Dawn,44
ACC2766,Nov-21,20:21,Rourkela Odisha,Minor,Car,Rainy,National Highway,2,1,Dawn,30
ACC2767,Jun-20,02:49,Nagpur Maharashtra,Serious,Auto-Rickshaw,Foggy,State Highway,6,4,Dawn,118
ACC2768,Dec-23,14:41,Kolkata West Bengal,Fatal,Truck,Foggy,Urban Road,10,5,Dusk,35
ACC2769,Dec-19,01:12,Vijayawada Andhra Pradesh,Fatal,Two-Wheeler,Stormy,Village Road,0,0,Dusk,82
ACC2770,Nov-23,04:42,Puri Odisha,Serious,Cycle,Clear,Village Road,8,1,Daylight,68
ACC2771,Mar-22,04:27,Puducherry Puducherry,Minor,Two-Wheeler,Foggy,National Highway,9,3,Daylight,61
ACC2772,Aug-19,05:15,Karaikal Puducherry,Minor,Pedestrian,Foggy,Village Road,3,5,Dark,35
ACC2773,Jan-18,10:32,Karaikal Puducherry,Fatal,Auto-Rickshaw,Foggy,National Highway,4,3,Daylight,86
ACC2774,Jul-19,00:01,New Delhi Delhi,Minor,Auto-Rickshaw,Clear,Village Road,6,4,Dawn,108
ACC2775,Feb-22,07:44,Ambala Haryana,Fatal,Car,Hazy,Urban Road,3,1,Daylight,39
ACC2776,Aug-18,19:11,Tura Meghalaya,Fatal,Cycle,Rainy,Village Road,7,4,Dawn,75
ACC2777,Mar-23,16:36,Haridwar Uttarakhand,Serious,Auto-Rickshaw,Hazy,National Highway,10,0,Dawn,62
ACC2778,Jul-22,21:03,Haldwani Uttarakhand,Fatal,Auto-Rickshaw,Rainy,State Highway,10,1,Dark,35
ACC2779,May-20,13:37,Mokokchung Nagaland,Minor,Auto-Rickshaw,Rainy,Village Road,8,5,Dark,62
ACC2780,Dec-23,13:02,Haldwani Uttarakhand,Minor,Two-Wheeler,Stormy,Urban Road,9,2,Daylight,87
ACC2781,Jun-22,17:00,Bhopal Madhya Pradesh,Serious,Auto-Rickshaw,Stormy,Village Road,8,0,Dark,79
ACC2782,Jan-23,02:22,Jamshedpur Jharkhand,Minor,Pedestrian,Foggy,National Highway,0,0,Daylight,75
ACC2783,Jan-18,21:32,Chandigarh Chandigarh,Minor,Cycle,Hazy,Urban Road,10,0,Daylight,59
ACC2784,Jul-19,19:33,Kohima Nagaland,Fatal,Cycle,Rainy,State Highway,1,0,Dusk,102
ACC2785,Jul-18,12:03,Mumbai Maharashtra,Fatal,Car,Foggy,State Highway,10,1,Dark,33
ACC2786,Oct-23,00:52,Thrissur Kerala,Minor,Two-Wheeler,Rainy,Village Road,1,1,Daylight,51
ACC2787,Aug-23,06:44,Vijayawada Andhra Pradesh,Serious,Car,Hazy,National Highway,2,4,Dusk,92
ACC2788,Nov-18,14:04,Puducherry Puducherry,Minor,Bus,Stormy,National Highway,6,0,Dark,44
ACC2789,Sep-18,08:46,Kolkata West Bengal,Minor,Two-Wheeler,Foggy,Village Road,1,5,Daylight,64
ACC2790,Oct-21,13:55,Rohini Delhi,Fatal,Truck,Rainy,Village Road,2,5,Dawn,117
ACC2791,Jun-18,10:23,Raipur Chhattisgarh,Serious,Truck,Rainy,State Highway,3,1,Dusk,69
ACC2792,Jul-19,15:47,Tirupati Andhra Pradesh,Minor,Auto-Rickshaw,Hazy,National Highway,3,0,Dusk,117
ACC2793,Jul-19,00:58,Kolkata West Bengal,Serious,Car,Rainy,Village Road,0,1,Dawn,55
ACC2794,Nov-22,16:27,Thoubal Manipur,Fatal,Cycle,Clear,National Highway,1,3,Daylight,105
ACC2795,Jan-22,11:23,Thoubal Manipur,Minor,Two-Wheeler,Clear,National Highway,10,0,Daylight,60
ACC2796,Jan-23,06:09,Puri Odisha,Minor,Two-Wheeler,Foggy,Urban Road,9,0,Dawn,36
ACC2797,Nov-22,11:33,Durgapur West Bengal,Serious,Cycle,Foggy,State Highway,3,2,Dawn,42
ACC2798,Dec-20,19:26,Shimla Himachal Pradesh,Minor,Auto-Rickshaw,Rainy,Urban Road,4,3,Dusk,47
ACC2799,Jun-23,00:40,Korba Chhattisgarh,Minor,Two-Wheeler,Stormy,Village Road,0,0,Dark,48
ACC2800,May-18,00:17,Gangtok Sikkim,Minor,Pedestrian,Foggy,National Highway,2,4,Daylight,76
ACC2801,Dec-18,23:46,Kohima Nagaland,Fatal,Cycle,Clear,State Highway,9,5,Dawn,104
ACC2802,Apr-23,09:59,Bhilai Chhattisgarh,Serious,Truck,Rainy,National Highway,0,0,Dark,96
ACC2803,Mar-18,07:49,Jammu Jammu and Kashmir,Fatal,Truck,Hazy,State Highway,1,3,Dusk,37
ACC2804,Sep-21,10:20,Anantnag Jammu and Kashmir,Serious,Bus,Stormy,National Highway,9,3,Dark,84
ACC2805,May-22,12:25,Mangalore Karnataka,Minor,Cycle,Stormy,Urban Road,10,4,Dark,33
ACC2806,Sep-19,16:27,Varanasi Uttar Pradesh,Fatal,Two-Wheeler,Rainy,State Highway,10,0,Dusk,69
ACC2807,Aug-19,07:39,Puducherry Puducherry,Fatal,Two-Wheeler,Stormy,Village Road,3,4,Dark,38
ACC2808,Dec-21,08:34,Gyalshing Sikkim,Minor,Pedestrian,Hazy,State Highway,2,1,Dark,90
ACC2809,Nov-22,04:26,Haridwar Uttarakhand,Minor,Car,Clear,Urban Road,2,3,Dawn,105
ACC2810,Aug-19,19:32,Gwalior Madhya Pradesh,Minor,Bus,Clear,State Highway,5,0,Dawn,100
ACC2811,Mar-21,09:07,Aizawl Mizoram,Serious,Bus,Clear,Village Road,5,4,Daylight,89
ACC2812,Mar-19,06:55,Dhanbad Jharkhand,Minor,Bus,Rainy,State Highway,6,3,Daylight,72
ACC2813,Jun-20,06:31,Surat Gujarat,Minor,Pedestrian,Foggy,National Highway,2,0,Daylight,114
ACC2814,Jul-20,17:16,Rourkela Odisha,Minor,Cycle,Hazy,Village Road,1,5,Dark,98
ACC2815,Oct-21,02:44,Kozhikode Kerala,Serious,Auto-Rickshaw,Clear,Urban Road,9,4,Daylight,32
ACC2816,Sep-18,08:30,Haridwar Uttarakhand,Fatal,Cycle,Rainy,Village Road,2,2,Daylight,50
ACC2817,Jun-20,06:29,Vijayawada Andhra Pradesh,Minor,Truck,Foggy,Village Road,9,4,Dark,45
ACC2818,Jul-18,22:27,Nongstoin Meghalaya,Fatal,Two-Wheeler,Clear,Village Road,8,0,Dusk,99
ACC2819,Oct-19,19:45,Varanasi Uttar Pradesh,Minor,Auto-Rickshaw,Stormy,National Highway,6,3,Dusk,70
ACC2820,Sep-23,14:25,Vadodara Gujarat,Fatal,Auto-Rickshaw,Rainy,National Highway,4,5,Dark,35
ACC2821,Jul-22,18:08,Bhilai Chhattisgarh,Fatal,Auto-Rickshaw,Foggy,Urban Road,9,1,Daylight,83
ACC2822,May-22,13:09,Durgapur West Bengal,Minor,Pedestrian,Clear,State Highway,9,1,Dark,89
ACC2823,Oct-20,02:04,Jowai Meghalaya,Serious,Auto-Rickshaw,Stormy,Urban Road,6,3,Dark,30
ACC2824,Oct-21,23:38,Lucknow Uttar Pradesh,Serious,Truck,Clear,State Highway,4,1,Dawn,89
ACC2825,Jun-19,13:14,Puri Odisha,Fatal,Car,Rainy,State Highway,3,4,Dark,113
ACC2826,Apr-22,13:02,Dehradun Uttarakhand,Fatal,Cycle,Foggy,National Highway,4,2,Daylight,66
ACC2827,Sep-18,22:57,Coimbatore Tamil Nadu,Minor,Cycle,Hazy,Urban Road,3,4,Dawn,105
ACC2828,Jul-23,00:44,Ahmedabad Gujarat,Serious,Pedestrian,Stormy,Village Road,6,5,Dark,77
ACC2829,May-21,13:27,Vadodara Gujarat,Minor,Truck,Rainy,Urban Road,8,4,Dusk,92
ACC2830,Oct-23,22:23,Lunglei Mizoram,Minor,Pedestrian,Clear,State Highway,8,2,Dawn,94
ACC2831,Feb-23,23:59,Madurai Tamil Nadu,Minor,Two-Wheeler,Stormy,Urban Road,2,0,Dusk,112
ACC2832,Aug-20,08:35,Champhai Mizoram,Fatal,Cycle,Foggy,National Highway,5,2,Dark,70
ACC2833,Mar-18,13:23,Mangalore Karnataka,Serious,Car,Hazy,State Highway,3,0,Dark,81
ACC2834,May-23,06:17,Durgapur West Bengal,Minor,Car,Hazy,State Highway,1,1,Dawn,70
ACC2835,Nov-23,15:55,Mangalore Karnataka,Minor,Auto-Rickshaw,Hazy,State Highway,4,0,Dark,62
ACC2836,Jun-21,07:49,Bilaspur Chhattisgarh,Serious,Auto-Rickshaw,Rainy,State Highway,10,0,Dusk,35
ACC2837,Dec-23,16:26,Durgapur West Bengal,Minor,Pedestrian,Rainy,Village Road,1,1,Dark,106
ACC2838,May-22,01:19,Puducherry Puducherry,Fatal,Car,Rainy,Village Road,4,2,Daylight,100
ACC2839,Mar-19,09:53,Lucknow Uttar Pradesh,Serious,Car,Hazy,State Highway,6,4,Dusk,64
ACC2840,Oct-23,11:18,Lucknow Uttar Pradesh,Minor,Auto-Rickshaw,Foggy,Urban Road,4,1,Dark,32
ACC2841,Jul-18,02:11,Mysore Karnataka,Minor,Pedestrian,Rainy,Urban Road,8,3,Dusk,47
ACC2842,Jun-20,09:50,Mokokchung Nagaland,Minor,Pedestrian,Stormy,Village Road,7,1,Daylight,117
ACC2843,Apr-21,23:06,Panipat Haryana,Serious,Cycle,Rainy,National Highway,8,0,Dusk,79
ACC2844,May-21,00:14,Mapusa Goa,Minor,Two-Wheeler,Stormy,National Highway,8,2,Dawn,51
ACC2845,Jun-20,21:11,Lucknow Uttar Pradesh,Serious,Cycle,Clear,State Highway,4,0,Daylight,51
ACC2846,Oct-19,02:33,Chennai Tamil Nadu,Fatal,Two-Wheeler,Rainy,Village Road,1,5,Daylight,36
ACC2847,Dec-20,18:12,New Delhi Delhi,Minor,Auto-Rickshaw,Hazy,State Highway,0,5,Dark,65
ACC2848,Jun-20,03:45,Madurai Tamil Nadu,Fatal,Bus,Stormy,National Highway,4,0,Dark,107
ACC2849,Feb-20,14:05,Cuttack Odisha,Fatal,Cycle,Clear,State Highway,0,4,Dawn,93
ACC2850,Jun-20,01:38,Ahmedabad Gujarat,Fatal,Pedestrian,Foggy,Urban Road,2,5,Dusk,94
ACC2851,Jul-20,23:07,Tura Meghalaya,Fatal,Bus,Stormy,State Highway,10,5,Daylight,115
ACC2852,Mar-19,04:10,Udaipur Tripura,Minor,Two-Wheeler,Hazy,National Highway,3,5,Daylight,50
ACC2853,Jan-22,05:39,Thoubal Manipur,Fatal,Two-Wheeler,Stormy,National Highway,1,2,Dusk,69
ACC2854,Sep-19,15:22,Silchar Assam,Serious,Bus,Foggy,National Highway,4,3,Dusk,112
ACC2855,Jul-18,04:43,New Delhi Delhi,Minor,Auto-Rickshaw,Clear,Urban Road,9,0,Dawn,91
ACC2856,Jul-19,22:20,Thiruvananthapuram Kerala,Fatal,Truck,Clear,National Highway,1,5,Daylight,87
ACC2857,Nov-20,02:38,Karaikal Puducherry,Minor,Cycle,Foggy,Urban Road,6,3,Dusk,70
ACC2858,Nov-22,01:29,Vijayawada Andhra Pradesh,Serious,Car,Rainy,Village Road,2,1,Dusk,104
ACC2859,Jan-22,08:18,Roorkee Uttarakhand,Minor,Truck,Rainy,Urban Road,2,2,Dark,69
ACC2860,Aug-23,01:59,Chennai Tamil Nadu,Fatal,Bus,Rainy,Urban Road,1,0,Daylight,68
ACC2861,Aug-18,15:59,Amritsar Punjab,Serious,Auto-Rickshaw,Stormy,Urban Road,4,2,Dusk,107
ACC2862,Mar-18,02:29,Tura Meghalaya,Minor,Car,Rainy,Village Road,7,4,Dark,64
ACC2863,Apr-18,10:52,Dwarka Delhi,Serious,Cycle,Rainy,National Highway,6,4,Dark,81
ACC2864,May-23,12:24,Karimnagar Telangana,Minor,Cycle,Stormy,National Highway,9,4,Dusk,57
ACC2865,May-22,16:19,Mangan Sikkim,Serious,Two-Wheeler,Hazy,State Highway,4,0,Dusk,91
ACC2866,Sep-21,20:54,Mumbai Maharashtra,Minor,Car,Rainy,Urban Road,4,2,Dawn,72
ACC2867,Mar-20,12:49,Ludhiana Punjab,Serious,Two-Wheeler,Clear,State Highway,2,0,Daylight,78
ACC2868,Nov-23,05:15,Chandigarh Chandigarh,Minor,Cycle,Stormy,Village Road,3,3,Dawn,92
ACC2869,Jul-23,03:30,Varanasi Uttar Pradesh,Minor,Pedestrian,Hazy,Urban Road,9,1,Dusk,35
ACC2870,Aug-22,05:42,Udaipur Rajasthan,Minor,Pedestrian,Stormy,National Highway,10,4,Dawn,68
ACC2871,Jan-23,13:47,Gwalior Madhya Pradesh,Serious,Car,Rainy,Urban Road,6,1,Dusk,63
ACC2872,Oct-19,01:39,Nongstoin Meghalaya,Fatal,Cycle,Stormy,National Highway,6,5,Daylight,92
ACC2873,Jun-18,07:38,Hyderabad Telangana,Fatal,Cycle,Foggy,National Highway,1,4,Dark,80
ACC2874,Jul-19,16:43,Dharmanagar Tripura,Fatal,Truck,Hazy,State Highway,2,1,Dusk,59
ACC2875,Aug-19,08:45,Mokokchung Nagaland,Serious,Auto-Rickshaw,Hazy,State Highway,5,5,Dark,115
ACC2876,Mar-20,02:59,Imphal Manipur,Minor,Auto-Rickshaw,Rainy,State Highway,0,2,Dawn,109
ACC2877,Aug-19,19:09,Vadodara Gujarat,Fatal,Auto-Rickshaw,Clear,National Highway,7,1,Daylight,82
ACC2878,Sep-20,02:54,Chandigarh Chandigarh,Serious,Cycle,Stormy,Village Road,5,3,Dawn,53
ACC2879,Jan-20,03:40,Jowai Meghalaya,Serious,Pedestrian,Rainy,Village Road,7,0,Dusk,108
ACC2880,May-21,10:24,Mandi Himachal Pradesh,Serious,Pedestrian,Clear,Village Road,1,3,Dusk,97
ACC2881,Mar-19,03:32,Karaikal Puducherry,Minor,Pedestrian,Clear,Village Road,8,4,Dawn,47
ACC2882,Aug-19,02:18,Raipur Chhattisgarh,Serious,Car,Foggy,Village Road,5,5,Dusk,56
ACC2883,Oct-20,08:32,Jowai Meghalaya,Minor,Bus,Stormy,National Highway,9,4,Dusk,31
ACC2884,Jan-22,05:07,Dehradun Uttarakhand,Serious,Auto-Rickshaw,Clear,Village Road,0,1,Daylight,53
ACC2885,Feb-20,19:00,Dharmanagar Tripura,Fatal,Two-Wheeler,Clear,Urban Road,5,2,Dawn,53
ACC2886,Jun-19,23:57,Jammu Jammu and Kashmir,Minor,Truck,Foggy,National Highway,5,3,Dusk,61
ACC2887,Nov-23,22:13,Durg Chhattisgarh,Minor,Two-Wheeler,Stormy,Village Road,3,1,Daylight,111
ACC2888,Oct-22,07:30,Itanagar Arunachal Pradesh,Serious,Bus,Clear,Village Road,7,3,Dark,87
ACC2889,Sep-18,01:49,Anantnag Jammu and Kashmir,Serious,Cycle,Clear,Urban Road,4,1,Dark,71
ACC2890,Feb-22,10:00,Gwalior Madhya Pradesh,Serious,Cycle,Rainy,State Highway,8,4,Dark,115
ACC2891,Sep-23,13:57,Jodhpur Rajasthan,Minor,Car,Foggy,Urban Road,8,3,Daylight,34
ACC2892,Nov-23,12:58,Visakhapatnam Andhra Pradesh,Minor,Auto-Rickshaw,Clear,State Highway,3,2,Dark,114
ACC2893,May-19,17:56,Itanagar Arunachal Pradesh,Fatal,Two-Wheeler,Clear,Urban Road,7,1,Dusk,89
ACC2894,Jan-22,21:49,Bhagalpur Bihar,Minor,Car,Clear,State Highway,1,2,Daylight,94
ACC2895,Mar-21,09:04,Srinagar Jammu and Kashmir,Minor,Auto-Rickshaw,Stormy,State Highway,3,5,Dawn,31
ACC2896,Sep-22,03:35,Rourkela Odisha,Serious,Bus,Foggy,National Highway,3,0,Dark,109
ACC2897,Dec-19,07:49,Indore Madhya Pradesh,Fatal,Car,Stormy,Urban Road,2,0,Daylight,49
ACC2898,Feb-21,02:03,Durgapur West Bengal,Fatal,Car,Clear,National Highway,8,0,Daylight,119
ACC2899,Aug-22,06:07,Vadodara Gujarat,Minor,Car,Clear,State Highway,5,3,Daylight,114
ACC2900,Feb-22,17:45,Haldwani Uttarakhand,Fatal,Two-Wheeler,Rainy,National Highway,10,1,Dark,56
ACC2901,Oct-23,18:20,Haldwani Uttarakhand,Fatal,Cycle,Rainy,Urban Road,1,4,Dark,120
ACC2902,Oct-18,22:21,Chennai Tamil Nadu,Serious,Car,Rainy,Village Road,1,1,Dawn,106
ACC2903,Sep-18,21:23,Aizawl Mizoram,Serious,Truck,Foggy,National Highway,1,2,Daylight,79
ACC2904,Jun-22,16:07,Dharmanagar Tripura,Minor,Auto-Rickshaw,Hazy,National Highway,10,2,Dark,99
ACC2905,Sep-23,10:23,Mokokchung Nagaland,Minor,Bus,Rainy,National Highway,0,1,Dark,71
ACC2906,May-21,04:54,Imphal Manipur,Serious,Truck,Hazy,National Highway,10,0,Dusk,58
ACC2907,Jun-20,13:07,Dehradun Uttarakhand,Serious,Car,Foggy,National Highway,0,2,Dusk,54
ACC2908,Feb-22,22:00,Mumbai Maharashtra,Minor,Pedestrian,Rainy,National Highway,4,0,Daylight,72
ACC2909,Dec-20,13:28,Bangalore Karnataka,Minor,Pedestrian,Stormy,Village Road,8,5,Dusk,115
ACC2910,Apr-20,05:49,Chandigarh Chandigarh,Fatal,Truck,Foggy,Village Road,1,4,Dusk,73
ACC2911,Jun-23,17:54,Dehradun Uttarakhand,Minor,Auto-Rickshaw,Foggy,State Highway,2,3,Dark,85
ACC2912,Jan-20,09:56,New Delhi Delhi,Minor,Auto-Rickshaw,Hazy,State Highway,0,4,Dawn,30
ACC2913,Jun-19,20:27,Faridabad Haryana,Fatal,Cycle,Hazy,State Highway,2,5,Dark,41
ACC2914,Sep-22,05:50,Coimbatore Tamil Nadu,Minor,Bus,Hazy,Village Road,2,4,Dark,64
ACC2915,Oct-18,03:42,Bhopal Madhya Pradesh,Fatal,Pedestrian,Stormy,Urban Road,8,2,Dark,67
ACC2916,Oct-19,15:40,Vasco da Gama Goa,Serious,Cycle,Hazy,Village Road,7,2,Dark,100
ACC2917,Jun-23,09:11,Panipat Haryana,Fatal,Pedestrian,Clear,Village Road,8,2,Daylight,109
ACC2918,Jan-21,08:06,Ambala Haryana,Serious,Car,Hazy,National Highway,7,2,Dawn,36
ACC2919,Jan-18,10:39,Shimla Himachal Pradesh,Minor,Pedestrian,Rainy,Village Road,1,1,Dusk,107
ACC2920,Oct-20,11:32,Vijayawada Andhra Pradesh,Minor,Car,Stormy,Village Road,6,3,Dusk,33
ACC2921,Apr-19,08:09,Mangan Sikkim,Fatal,Auto-Rickshaw,Rainy,National Highway,3,0,Dark,38
ACC2922,Mar-18,14:39,Dharamshala Himachal Pradesh,Fatal,Auto-Rickshaw,Clear,Urban Road,3,2,Daylight,114
ACC2923,Jul-23,21:13,Mangalore Karnataka,Fatal,Pedestrian,Stormy,National Highway,5,3,Daylight,76
ACC2924,Oct-18,21:24,Ambala Haryana,Serious,Pedestrian,Stormy,National Highway,9,1,Dawn,50
ACC2925,Dec-22,23:55,Bhubaneswar Odisha,Minor,Truck,Stormy,Urban Road,0,5,Daylight,65
ACC2926,Jun-23,09:45,Jodhpur Rajasthan,Fatal,Pedestrian,Rainy,National Highway,2,5,Daylight,93
ACC2927,Oct-18,11:49,Dwarka Delhi,Minor,Truck,Clear,Village Road,6,2,Dark,83
ACC2928,Oct-22,06:15,Puducherry Puducherry,Serious,Bus,Rainy,Village Road,9,1,Dusk,114
ACC2929,Oct-18,22:54,Surat Gujarat,Serious,Two-Wheeler,Stormy,State Highway,4,0,Dawn,112
ACC2930,Sep-20,16:52,Siliguri West Bengal,Serious,Car,Stormy,National Highway,10,3,Daylight,100
ACC2931,Apr-22,13:35,Indore Madhya Pradesh,Fatal,Car,Foggy,Village Road,7,0,Dusk,66
ACC2932,Feb-22,16:20,Thrissur Kerala,Serious,Truck,Foggy,Village Road,9,4,Dawn,109
ACC2933,Jan-23,05:05,Ranchi Jharkhand,Fatal,Two-Wheeler,Stormy,State Highway,5,1,Dusk,108
ACC2934,Apr-19,07:43,Kochi Kerala,Fatal,Bus,Rainy,State Highway,8,4,Dark,45
ACC2935,Feb-19,14:24,Rohini Delhi,Serious,Two-Wheeler,Stormy,Village Road,3,2,Daylight,88
ACC2936,Dec-19,14:11,Bhagalpur Bihar,Minor,Pedestrian,Hazy,National Highway,8,0,Dusk,110
ACC2937,Aug-18,22:19,Bhagalpur Bihar,Minor,Bus,Foggy,National Highway,2,5,Daylight,41
ACC2938,Nov-22,17:18,Naharlagun Arunachal Pradesh,Fatal,Car,Hazy,Urban Road,1,5,Dark,102
ACC2939,Jan-22,04:19,Guwahati Assam,Minor,Pedestrian,Stormy,National Highway,9,5,Dusk,45
ACC2940,Apr-21,04:19,Rourkela Odisha,Fatal,Cycle,Rainy,Urban Road,5,0,Dusk,65
ACC2941,Jan-18,08:00,Korba Chhattisgarh,Minor,Auto-Rickshaw,Clear,Village Road,5,4,Dawn,46
ACC2942,Mar-20,05:26,Indore Madhya Pradesh,Fatal,Auto-Rickshaw,Stormy,Urban Road,0,2,Dusk,61
ACC2943,Jan-18,06:38,Tirupati Andhra Pradesh,Fatal,Car,Foggy,Urban Road,2,3,Dark,100
ACC2944,Apr-23,18:53,Faridabad Haryana,Fatal,Cycle,Hazy,Urban Road,9,1,Dusk,71
ACC2945,Sep-18,20:44,New Delhi Delhi,Fatal,Auto-Rickshaw,Hazy,Urban Road,5,4,Dusk,115
ACC2946,Mar-19,03:48,Jammu Jammu and Kashmir,Minor,Truck,Stormy,Urban Road,6,5,Dark,91
ACC2947,Jan-19,18:07,Vasco da Gama Goa,Fatal,Truck,Rainy,Village Road,0,3,Dawn,97
ACC2948,Jul-20,21:14,Nizamabad Telangana,Serious,Auto-Rickshaw,Stormy,State Highway,4,0,Daylight,100
ACC2949,Nov-21,23:02,Hyderabad Telangana,Serious,Truck,Foggy,Urban Road,4,0,Dawn,65
ACC2950,Oct-18,15:22,Kolkata West Bengal,Serious,Truck,Clear,Village Road,7,2,Dusk,35
ACC2951,Oct-18,10:22,Siliguri West Bengal,Minor,Car,Stormy,Village Road,10,1,Dusk,86
ACC2952,Nov-22,15:07,Madurai Tamil Nadu,Minor,Cycle,Rainy,National Highway,8,2,Dusk,70
ACC2953,Jun-22,19:06,Bhubaneswar Odisha,Serious,Truck,Foggy,Village Road,1,2,Dawn,113
ACC2954,Feb-19,07:31,Rohini Delhi,Minor,Car,Hazy,Urban Road,3,5,Daylight,55
ACC2955,Feb-22,22:42,Jammu Jammu and Kashmir,Serious,Bus,Foggy,Urban Road,0,2,Dawn,114
ACC2956,Aug-22,04:41,Solan Himachal Pradesh,Serious,Auto-Rickshaw,Rainy,Village Road,7,0,Daylight,100
ACC2957,Jun-21,05:27,Pasighat Arunachal Pradesh,Serious,Truck,Hazy,Urban Road,6,2,Dark,81
ACC2958,Jun-21,03:23,Jammu Jammu and Kashmir,Fatal,Two-Wheeler,Stormy,Urban Road,8,4,Dark,53
ACC2959,Feb-23,03:27,Varanasi Uttar Pradesh,Minor,Bus,Hazy,Urban Road,9,1,Dark,93
ACC2960,Mar-19,20:41,Imphal Manipur,Minor,Auto-Rickshaw,Rainy,National Highway,5,3,Dark,52
ACC2961,Aug-20,21:02,Mangan Sikkim,Serious,Car,Clear,State Highway,8,2,Dusk,101
ACC2962,Mar-23,22:16,Karaikal Puducherry,Fatal,Pedestrian,Clear,Urban Road,6,0,Daylight,99
ACC2963,Jul-21,01:55,Gurugram Haryana,Serious,Auto-Rickshaw,Stormy,Urban Road,4,0,Daylight,111
ACC2964,Dec-22,10:02,Rourkela Odisha,Minor,Bus,Hazy,National Highway,8,0,Dawn,59
ACC2965,Dec-21,17:17,Jammu Jammu and Kashmir,Minor,Cycle,Hazy,National Highway,4,4,Daylight,43
ACC2966,Nov-22,18:10,Jowai Meghalaya,Serious,Truck,Clear,State Highway,8,4,Dusk,46
ACC2967,Dec-22,10:15,Udaipur Rajasthan,Serious,Pedestrian,Stormy,Village Road,3,0,Dusk,115
ACC2968,Mar-22,09:02,Baramulla Jammu and Kashmir,Serious,Two-Wheeler,Stormy,State Highway,8,4,Dark,108
ACC2969,Mar-19,17:47,Ahmedabad Gujarat,Serious,Auto-Rickshaw,Hazy,State Highway,4,3,Dusk,84
ACC2970,Sep-23,18:29,Warangal Telangana,Minor,Cycle,Rainy,Urban Road,5,1,Daylight,79
ACC2971,May-22,02:56,Bhagalpur Bihar,Fatal,Two-Wheeler,Rainy,State Highway,7,1,Daylight,114
ACC2972,Jan-23,05:29,Rohini Delhi,Minor,Truck,Foggy,Urban Road,6,4,Daylight,60
ACC2973,Mar-19,13:32,Chennai Tamil Nadu,Fatal,Truck,Rainy,National Highway,8,2,Daylight,107
ACC2974,May-19,17:46,Durgapur West Bengal,Fatal,Truck,Rainy,National Highway,5,4,Dawn,36
ACC2975,Aug-19,07:23,Bhilai Chhattisgarh,Fatal,Two-Wheeler,Hazy,State Highway,6,2,Dusk,91
ACC2976,Mar-20,09:11,Patna Bihar,Serious,Two-Wheeler,Hazy,Village Road,9,1,Dawn,88
ACC2977,Feb-21,21:36,Udaipur Rajasthan,Serious,Truck,Foggy,National Highway,7,0,Daylight,50
ACC2978,Jul-23,10:04,Haridwar Uttarakhand,Minor,Two-Wheeler,Stormy,National Highway,4,1,Daylight,108
ACC2979,Feb-23,01:53,Panipat Haryana,Fatal,Truck,Hazy,State Highway,10,3,Dawn,52
ACC2980,Nov-21,13:23,Jammu Jammu and Kashmir,Minor,Bus,Clear,Village Road,0,2,Dark,49
ACC2981,May-22,06:27,Jowai Meghalaya,Fatal,Bus,Hazy,State Highway,0,3,Dawn,120
ACC2982,Jan-22,02:02,Nagpur Maharashtra,Minor,Auto-Rickshaw,Hazy,State Highway,9,0,Dawn,32
ACC2983,Mar-18,10:16,Roorkee Uttarakhand,Fatal,Car,Hazy,State Highway,8,4,Dark,76
ACC2984,Aug-23,09:59,Chandigarh Chandigarh,Minor,Truck,Rainy,Village Road,7,3,Dark,65
ACC2985,Dec-19,19:36,Kozhikode Kerala,Serious,Truck,Clear,Urban Road,5,4,Dark,44
ACC2986,Dec-21,12:01,Solan Himachal Pradesh,Serious,Auto-Rickshaw,Hazy,State Highway,5,3,Dusk,30
ACC2987,Feb-23,11:56,Dwarka Delhi,Serious,Bus,Rainy,Village Road,9,5,Dark,100
ACC2988,Nov-23,05:03,Dhanbad Jharkhand,Fatal,Bus,Clear,State Highway,3,0,Daylight,118
ACC2989,Jun-18,22:52,Shillong Meghalaya,Minor,Bus,Hazy,National Highway,0,3,Dawn,119
ACC2990,Mar-21,03:00,Muzaffarpur Bihar,Minor,Two-Wheeler,Foggy,State Highway,4,2,Dark,72
ACC2991,Dec-20,02:40,Jowai Meghalaya,Serious,Auto-Rickshaw,Rainy,Urban Road,6,4,Daylight,99
ACC2992,Sep-20,03:24,Raipur Chhattisgarh,Minor,Car,Clear,Urban Road,8,0,Dawn,107
ACC2993,Dec-18,20:47,Agartala Tripura,Minor,Car,Rainy,National Highway,3,0,Daylight,33
ACC2994,Aug-23,02:07,Gaya Bihar,Fatal,Pedestrian,Foggy,Urban Road,0,2,Dark,118
ACC2995,Feb-21,10:47,Haldwani Uttarakhand,Fatal,Cycle,Hazy,Urban Road,5,4,Daylight,78
ACC2996,Jan-21,01:15,Chennai Tamil Nadu,Minor,Truck,Foggy,National Highway,4,3,Dark,74
ACC2997,Jul-18,10:12,Roorkee Uttarakhand,Fatal,Car,Hazy,Urban Road,3,0,Daylight,86
ACC2998,Jan-21,19:34,Jowai Meghalaya,Minor,Two-Wheeler,Rainy,National Highway,8,5,Dark,47
ACC2999,Jun-23,20:54,Jowai Meghalaya,Fatal,Cycle,Stormy,Urban Road,9,2,Daylight,60
ACC3000,Sep-20,07:19,Naharlagun Arunachal Pradesh,Fatal,Cycle,Hazy,National Highway,1,3,Daylight,40
